100100	RECESSIVE
100300	DOMINANT
100800	DOMINANT
101000	DOMINANT
101200	DOMINANT
101400	DOMINANT
101600	DOMINANT
101800	DOMINANT
101900	DOMINANT
102200	UNKNOWN
102370	DOMINANT
102500	DOMINANT
102530	RECESSIVE
102700	RECESSIVE
102900	DOMINANT
103050	RECESSIVE
103285	DOMINANT
103470	DOMINANT
103500	DOMINANT
103580	DOMINANT
103780	UNKNOWN
103900	DOMINANT
104100	DOMINANT
104200	DOMINANT
104290	DOMINANT
104300	DOMINANT
104310	DOMINANT
104500	DOMINANT
104510	DOMINANT
104530	DOMINANT
105120	DOMINANT
105150	DOMINANT
105200	DOMINANT
105210	DOMINANT
105250	DOMINANT
105400	DOMINANT
105500	DOMINANT
105550	DOMINANT
105650	DOMINANT
105830	UNKNOWN
106100	DOMINANT
106190	RECESSIVE
106210	DOMINANT
106260	DOMINANT
106300	UNKNOWN
106600	DOMINANT
107250	DOMINANT
107480	DOMINANT
107600	DOMINANT
107970	DOMINANT
108010	DOMINANT
108120	DOMINANT
108145	DOMINANT
108300	DOMINANT
108500	DOMINANT
108600	DOMINANT
108720	DOMINANT
108721	DOMINANT
108770	DOMINANT
108900	DOMINANT
108985	DOMINANT
109150	DOMINANT
109400	DOMINANT
109730	DOMINANT
109800	UNKNOWN
110100	DOMINANT
110450	UNKNOWN
110500	UNKNOWN
110700	DOMINANT
110800	DOMINANT
110900	UNKNOWN
111000	UNKNOWN
111150	UNKNOWN
111200	UNKNOWN
111250	UNKNOWN
111380	UNKNOWN
111400	UNKNOWN
111600	UNKNOWN
111620	UNKNOWN
111690	UNKNOWN
111750	UNKNOWN
112010	UNKNOWN
112050	UNKNOWN
112100	UNKNOWN
112240	DOMINANT
112250	DOMINANT
112310	DOMINANT
112410	DOMINANT
112500	DOMINANT
112600	DOMINANT
113000	DOMINANT
113100	DOMINANT
113200	DOMINANT
113300	DOMINANT
113500	DOMINANT
113620	DOMINANT
113650	DOMINANT
113750	RECESSIVE
113800	DOMINANT
113900	DOMINANT
113970	UNKNOWN
114000	DOMINANT
114290	DOMINANT
114300	DOMINANT
114480	UNKNOWN
114500	UNKNOWN
114550	UNKNOWN
114900	DOMINANT
115080	DOMINANT
115150	DOMINANT
115195	DOMINANT
115196	DOMINANT
115197	DOMINANT
115200	DOMINANT
115210	DOMINANT
115300	DOMINANT
115310	DOMINANT
115430	DOMINANT
115700	DOMINANT
115900	DOMINANT
116100	DOMINANT
116200	DOMINANT
116300	DOMINANT
116400	DOMINANT
116600	DOMINANT
116700	RECESSIVE
116800	DOMINANT
116860	DOMINANT
116920	RECESSIVE
117000	DOMINANT
117210	DOMINANT
117300	DOMINANT
117360	DOMINANT
117550	DOMINANT
117650	DOMINANT
117800	DOMINANT
118100	DOMINANT
118200	DOMINANT
118210	DOMINANT
118220	DOMINANT
118300	DOMINANT
118400	DOMINANT
118450	DOMINANT
118600	DOMINANT
118700	DOMINANT
118800	DOMINANT
119300	DOMINANT
119500	DOMINANT
119600	DOMINANT
119800	DOMINANT
119900	RECESSIVE
120080	UNKNOWN
120100	DOMINANT
120200	DOMINANT
120330	DOMINANT
120430	DOMINANT
120433	DOMINANT
120435	DOMINANT
120790	DOMINANT
120970	DOMINANT
121050	DOMINANT
121200	DOMINANT
121201	DOMINANT
121300	DOMINANT
121800	DOMINANT
121820	DOMINANT
121850	DOMINANT
121900	DOMINANT
122000	DOMINANT
122100	DOMINANT
122200	DOMINANT
122400	DOMINANT
122470	DOMINANT
122600	DOMINANT
122700	DOMINANT
122860	DOMINANT
122880	DOMINANT
123000	DOMINANT
123100	DOMINANT
123150	DOMINANT
123320	DOMINANT
123400	DOMINANT
123500	DOMINANT
123700	DOMINANT
123790	DOMINANT
124000	RECESSIVE
124200	DOMINANT
124480	DOMINANT
124500	DOMINANT
124900	DOMINANT
125250	DOMINANT
125310	DOMINANT
125350	DOMINANT
125370	DOMINANT
125400	RECESSIVE
125420	DOMINANT
125490	DOMINANT
125500	DOMINANT
125595	DOMINANT
125630	DOMINANT
125700	DOMINANT
125800	DOMINANT
125850	DOMINANT
125851	DOMINANT
125852	DOMINANT
125853	DOMINANT
126200	UNKNOWN
126600	DOMINANT
126700	DOMINANT
127000	DOMINANT
127300	DOMINANT
127400	DOMINANT
127550	DOMINANT
127700	DOMINANT
127750	DOMINANT
128100	DOMINANT
128101	DOMINANT
128200	DOMINANT
128230	DOMINANT
128235	DOMINANT
129400	DOMINANT
129490	DOMINANT
129500	DOMINANT
129600	DOMINANT
130000	DOMINANT
130050	DOMINANT
130060	DOMINANT
130070	RECESSIVE
130600	DOMINANT
130650	DOMINANT
130720	DOMINANT
130900	DOMINANT
131100	DOMINANT
131300	DOMINANT
131440	DOMINANT
131705	DOMINANT
131750	DOMINANT
131760	DOMINANT
131800	DOMINANT
131850	DOMINANT
131900	DOMINANT
131950	DOMINANT
131960	DOMINANT
132000	DOMINANT
132400	DOMINANT
132450	DOMINANT
132600	UNKNOWN
132700	DOMINANT
132800	DOMINANT
132900	DOMINANT
133020	DOMINANT
133100	UNKNOWN
133190	DOMINANT
133200	DOMINANT
133239	UNKNOWN
133540	RECESSIVE
133700	DOMINANT
133701	DOMINANT
133780	DOMINANT
134610	DOMINANT
135100	DOMINANT
135150	DOMINANT
135290	DOMINANT
135300	DOMINANT
135500	DOMINANT
135700	DOMINANT
135750	DOMINANT
135900	DOMINANT
136000	DOMINANT
136120	RECESSIVE
136140	DOMINANT
136520	DOMINANT
136550	DOMINANT
136630	DOMINANT
136680	DOMINANT
136760	RECESSIVE
136800	DOMINANT
136880	DOMINANT
136900	DOMINANT
137200	RECESSIVE
137215	UNKNOWN
137245	UNKNOWN
137440	DOMINANT
137550	UNKNOWN
137600	DOMINANT
137750	DOMINANT
137760	DOMINANT
137800	UNKNOWN
137920	DOMINANT
137940	DOMINANT
138000	DOMINANT
138500	DOMINANT
138800	DOMINANT
138900	DOMINANT
139090	RECESSIVE
139210	DOMINANT
139300	DOMINANT
139393	DOMINANT
140000	DOMINANT
140350	DOMINANT
140600	DOMINANT
140700	DOMINANT
141200	DOMINANT
141500	DOMINANT
141749	DOMINANT
142330	UNKNOWN
142623	DOMINANT
142669	DOMINANT
142680	DOMINANT
142690	DOMINANT
142900	DOMINANT
142945	DOMINANT
142946	DOMINANT
143095	RECESSIVE
143100	DOMINANT
143200	DOMINANT
143400	DOMINANT
143465	DOMINANT
143470	DOMINANT
143500	RECESSIVE
143860	RECESSIVE
143870	DOMINANT
143880	RECESSIVE
143890	DOMINANT
144010	DOMINANT
144200	DOMINANT
144250	DOMINANT
144650	DOMINANT
144700	UNKNOWN
144750	DOMINANT
145000	DOMINANT
145001	DOMINANT
145250	DOMINANT
145410	DOMINANT
145500	UNKNOWN
145600	DOMINANT
145650	DOMINANT
145680	DOMINANT
145750	DOMINANT
145900	DOMINANT
145980	DOMINANT
145981	DOMINANT
146000	DOMINANT
146110	RECESSIVE
146200	DOMINANT
146255	DOMINANT
146300	DOMINANT
146500	DOMINANT
146510	DOMINANT
146520	DOMINANT
146550	DOMINANT
146590	DOMINANT
146700	DOMINANT
146800	DOMINANT
147050	DOMINANT
147060	DOMINANT
147250	DOMINANT
147480	DOMINANT
147750	DOMINANT
147891	DOMINANT
147920	DOMINANT
147950	DOMINANT
148000	DOMINANT
148050	DOMINANT
148190	DOMINANT
148210	DOMINANT
148300	DOMINANT
148350	DOMINANT
148500	DOMINANT
148600	DOMINANT
148700	DOMINANT
148820	DOMINANT
149200	DOMINANT
149400	DOMINANT
149700	RECESSIVE
149730	DOMINANT
150250	DOMINANT
150400	DOMINANT
150600	DOMINANT
150699	UNKNOWN
150800	DOMINANT
151050	DOMINANT
151100	DOMINANT
151210	DOMINANT
151600	DOMINANT
151623	DOMINANT
151660	DOMINANT
152700	DOMINANT
152950	DOMINANT
153100	DOMINANT
153400	DOMINANT
153480	DOMINANT
153550	UNKNOWN
153640	DOMINANT
153650	DOMINANT
153670	DOMINANT
153700	DOMINANT
153800	DOMINANT
154020	DOMINANT
154400	DOMINANT
154500	DOMINANT
154700	DOMINANT
154780	DOMINANT
155100	DOMINANT
155240	DOMINANT
155255	UNKNOWN
155310	DOMINANT
155601	DOMINANT
155755	DOMINANT
156200	DOMINANT
156240	UNKNOWN
156250	DOMINANT
156400	DOMINANT
156500	DOMINANT
156510	DOMINANT
156530	DOMINANT
156550	DOMINANT
156610	DOMINANT
157170	DOMINANT
157600	DOMINANT
157640	DOMINANT
157800	DOMINANT
158000	DOMINANT
158300	DOMINANT
158320	DOMINANT
158330	DOMINANT
158350	DOMINANT
158580	DOMINANT
158590	DOMINANT
158600	DOMINANT
158810	DOMINANT
158901	UNKNOWN
159000	DOMINANT
159001	DOMINANT
159550	DOMINANT
159900	DOMINANT
159950	RECESSIVE
160120	DOMINANT
160150	DOMINANT
160500	DOMINANT
160565	DOMINANT
160800	DOMINANT
160900	DOMINANT
160980	DOMINANT
161000	DOMINANT
161200	DOMINANT
161400	DOMINANT
161800	DOMINANT
162000	DOMINANT
162091	DOMINANT
162100	DOMINANT
162200	DOMINANT
162210	DOMINANT
162300	DOMINANT
162350	DOMINANT
162400	DOMINANT
162500	DOMINANT
162800	DOMINANT
162900	UNKNOWN
163000	UNKNOWN
163200	UNKNOWN
163500	DOMINANT
163800	DOMINANT
163950	DOMINANT
164200	DOMINANT
164230	DOMINANT
164280	DOMINANT
164300	DOMINANT
164400	DOMINANT
164500	DOMINANT
165300	DOMINANT
165500	DOMINANT
165550	DOMINANT
165720	UNKNOWN
165800	DOMINANT
166200	DOMINANT
166210	DOMINANT
166220	DOMINANT
166250	DOMINANT
166260	DOMINANT
166300	DOMINANT
166350	DOMINANT
166600	DOMINANT
166700	DOMINANT
166710	DOMINANT
166780	DOMINANT
166900	DOMINANT
167000	UNKNOWN
167030	RECESSIVE
167200	DOMINANT
167210	DOMINANT
167250	DOMINANT
167320	DOMINANT
167400	DOMINANT
167800	DOMINANT
168000	DOMINANT
168300	DOMINANT
168400	DOMINANT
168500	DOMINANT
168550	DOMINANT
168600	UNKNOWN
168601	DOMINANT
168605	DOMINANT
169100	DOMINANT
169150	DOMINANT
169400	DOMINANT
169500	DOMINANT
169600	DOMINANT
170100	RECESSIVE
170390	DOMINANT
170400	DOMINANT
170500	DOMINANT
170650	RECESSIVE
171200	DOMINANT
171300	DOMINANT
171400	DOMINANT
172700	DOMINANT
172800	DOMINANT
172870	DOMINANT
173100	DOMINANT
173200	DOMINANT
173600	DOMINANT
173650	RECESSIVE
173900	DOMINANT
174000	DOMINANT
174050	DOMINANT
174200	DOMINANT
174300	RECESSIVE
174500	DOMINANT
174700	DOMINANT
174800	UNKNOWN
174810	DOMINANT
174900	DOMINANT
175050	DOMINANT
175100	DOMINANT
175200	DOMINANT
175700	DOMINANT
175780	DOMINANT
175800	DOMINANT
175900	DOMINANT
176000	DOMINANT
176100	DOMINANT
176200	DOMINANT
176270	UNKNOWN
176305	DOMINANT
176400	DOMINANT
176410	UNKNOWN
176430	DOMINANT
176450	DOMINANT
176500	DOMINANT
176670	DOMINANT
176807	UNKNOWN
176860	DOMINANT
176920	UNKNOWN
177000	RECESSIVE
177170	DOMINANT
177200	DOMINANT
177650	DOMINANT
177735	DOMINANT
177820	DOMINANT
177850	DOMINANT
177900	UNKNOWN
178110	DOMINANT
178500	DOMINANT
178600	DOMINANT
179620	UNKNOWN
179800	DOMINANT
179850	DOMINANT
180000	DOMINANT
180100	DOMINANT
180104	DOMINANT
180105	DOMINANT
180200	DOMINANT
180295	UNKNOWN
180500	DOMINANT
180550	DOMINANT
180700	DOMINANT
180750	DOMINANT
180800	DOMINANT
180849	DOMINANT
180920	DOMINANT
181000	UNKNOWN
181030	UNKNOWN
181270	DOMINANT
181350	DOMINANT
181400	DOMINANT
181405	DOMINANT
181430	DOMINANT
181450	DOMINANT
181500	DOMINANT
182000	UNKNOWN
182170	DOMINANT
182212	DOMINANT
182230	DOMINANT
182250	DOMINANT
182290	DOMINANT
182410	RECESSIVE
182600	DOMINANT
182601	DOMINANT
182900	DOMINANT
182920	DOMINANT
182940	DOMINANT
182980	DOMINANT
183086	DOMINANT
183090	DOMINANT
183900	DOMINANT
184095	DOMINANT
184250	DOMINANT
184252	DOMINANT
184450	DOMINANT
184460	DOMINANT
184500	DOMINANT
184840	DOMINANT
184900	DOMINANT
185000	DOMINANT
185020	DOMINANT
185070	DOMINANT
185300	UNKNOWN
185500	DOMINANT
185800	DOMINANT
186000	DOMINANT
186100	DOMINANT
186200	DOMINANT
186300	DOMINANT
186500	DOMINANT
186550	DOMINANT
186570	DOMINANT
186580	DOMINANT
187300	DOMINANT
187500	DOMINANT
187600	DOMINANT
187601	DOMINANT
187800	DOMINANT
187900	DOMINANT
187950	UNKNOWN
188000	DOMINANT
188050	DOMINANT
188055	DOMINANT
188400	DOMINANT
188470	UNKNOWN
188550	DOMINANT
188570	DOMINANT
188580	UNKNOWN
188740	DOMINANT
188890	UNKNOWN
189500	DOMINANT
190300	DOMINANT
190320	DOMINANT
190330	RECESSIVE
190350	DOMINANT
190351	DOMINANT
190440	DOMINANT
190900	DOMINANT
191100	DOMINANT
191480	RECESSIVE
191830	RECESSIVE
191900	DOMINANT
192315	DOMINANT
192430	DOMINANT
192500	DOMINANT
192600	DOMINANT
192605	DOMINANT
192950	DOMINANT
193100	DOMINANT
193220	DOMINANT
193230	DOMINANT
193235	DOMINANT
193300	DOMINANT
193400	DOMINANT
193500	DOMINANT
193510	DOMINANT
193520	DOMINANT
193530	DOMINANT
193670	DOMINANT
193700	DOMINANT
193900	DOMINANT
194070	UNKNOWN
194071	DOMINANT
194080	DOMINANT
194200	DOMINANT
194300	DOMINANT
194380	DOMINANT
200100	RECESSIVE
200110	DOMINANT
200150	RECESSIVE
200500	RECESSIVE
200600	RECESSIVE
200610	DOMINANT
200700	RECESSIVE
200990	RECESSIVE
201000	RECESSIVE
201100	RECESSIVE
201250	RECESSIVE
201300	RECESSIVE
201400	RECESSIVE
201450	RECESSIVE
201470	RECESSIVE
201475	RECESSIVE
201710	RECESSIVE
201750	RECESSIVE
201810	RECESSIVE
201910	RECESSIVE
202010	RECESSIVE
202110	RECESSIVE
202200	RECESSIVE
202300	RECESSIVE
202370	RECESSIVE
202400	RECESSIVE
202650	DOMINANT
202700	DOMINANT
203100	RECESSIVE
203200	RECESSIVE
203290	RECESSIVE
203300	RECESSIVE
203400	RECESSIVE
203450	DOMINANT
203500	RECESSIVE
203655	RECESSIVE
203700	RECESSIVE
203750	RECESSIVE
203780	RECESSIVE
203800	RECESSIVE
204000	RECESSIVE
204100	RECESSIVE
204200	RECESSIVE
204300	RECESSIVE
204500	RECESSIVE
204650	RECESSIVE
204690	RECESSIVE
204700	RECESSIVE
204750	RECESSIVE
204870	RECESSIVE
205100	RECESSIVE
205400	RECESSIVE
205950	RECESSIVE
206100	RECESSIVE
206200	RECESSIVE
206700	UNKNOWN
206800	RECESSIVE
206900	DOMINANT
206920	RECESSIVE
207410	RECESSIVE
207750	RECESSIVE
207800	RECESSIVE
207900	RECESSIVE
208000	RECESSIVE
208050	RECESSIVE
208085	RECESSIVE
208150	RECESSIVE
208230	RECESSIVE
208250	RECESSIVE
208400	RECESSIVE
208530	RECESSIVE
208540	RECESSIVE
208550	RECESSIVE
208900	RECESSIVE
208920	RECESSIVE
209300	RECESSIVE
209500	RECESSIVE
209880	DOMINANT
209885	DOMINANT
209900	RECESSIVE
209920	RECESSIVE
209950	RECESSIVE
210000	RECESSIVE
210200	RECESSIVE
210210	RECESSIVE
210250	RECESSIVE
210370	RECESSIVE
210600	RECESSIVE
210710	RECESSIVE
210720	RECESSIVE
210750	RECESSIVE
210900	RECESSIVE
211180	RECESSIVE
211400	DOMINANT
211500	RECESSIVE
211530	RECESSIVE
211600	RECESSIVE
211750	RECESSIVE
211800	RECESSIVE
211900	RECESSIVE
211980	UNKNOWN
212050	RECESSIVE
212065	RECESSIVE
212066	RECESSIVE
212070	RECESSIVE
212112	DOMINANT
212138	RECESSIVE
212140	RECESSIVE
212350	RECESSIVE
212500	RECESSIVE
212550	RECESSIVE
212720	RECESSIVE
212750	RECESSIVE
212780	RECESSIVE
212840	RECESSIVE
213200	RECESSIVE
213300	RECESSIVE
213600	DOMINANT
213700	RECESSIVE
213980	RECESSIVE
214100	RECESSIVE
214110	RECESSIVE
214150	RECESSIVE
214300	RECESSIVE
214400	RECESSIVE
214450	RECESSIVE
214500	RECESSIVE
214700	RECESSIVE
214800	DOMINANT
214950	RECESSIVE
215045	RECESSIVE
215100	RECESSIVE
215140	RECESSIVE
215150	RECESSIVE
215300	RECESSIVE
215470	RECESSIVE
215600	RECESSIVE
215700	RECESSIVE
216340	RECESSIVE
216360	RECESSIVE
216400	RECESSIVE
216550	RECESSIVE
216820	RECESSIVE
216900	RECESSIVE
217000	RECESSIVE
217080	RECESSIVE
217085	RECESSIVE
217090	RECESSIVE
217095	UNKNOWN
217300	RECESSIVE
217400	RECESSIVE
217700	RECESSIVE
217800	RECESSIVE
218000	RECESSIVE
218030	RECESSIVE
218040	DOMINANT
218330	RECESSIVE
218340	RECESSIVE
218400	RECESSIVE
218600	RECESSIVE
218700	DOMINANT
218800	RECESSIVE
219000	RECESSIVE
219050	DOMINANT
219080	UNKNOWN
219090	RECESSIVE
219100	RECESSIVE
219150	RECESSIVE
219200	RECESSIVE
219500	RECESSIVE
219700	RECESSIVE
219730	RECESSIVE
219750	RECESSIVE
219800	RECESSIVE
219900	RECESSIVE
220100	DOMINANT
220110	RECESSIVE
220111	RECESSIVE
220120	RECESSIVE
220150	RECESSIVE
220210	RECESSIVE
220290	DOMINANT
220400	RECESSIVE
220500	RECESSIVE
220600	RECESSIVE
221200	RECESSIVE
221750	RECESSIVE
221770	RECESSIVE
221820	DOMINANT
221900	RECESSIVE
222300	RECESSIVE
222448	RECESSIVE
222470	RECESSIVE
222600	RECESSIVE
222700	RECESSIVE
222730	RECESSIVE
222748	RECESSIVE
222765	RECESSIVE
222800	RECESSIVE
222900	RECESSIVE
223000	RECESSIVE
223100	DOMINANT
223360	RECESSIVE
223800	RECESSIVE
223900	RECESSIVE
224050	RECESSIVE
224100	RECESSIVE
224120	RECESSIVE
224230	RECESSIVE
224410	RECESSIVE
224500	RECESSIVE
224690	RECESSIVE
224750	RECESSIVE
224900	RECESSIVE
225060	RECESSIVE
225100	RECESSIVE
225200	RECESSIVE
225250	DOMINANT
225280	RECESSIVE
225300	RECESSIVE
225320	RECESSIVE
225400	RECESSIVE
225410	RECESSIVE
225500	RECESSIVE
225750	DOMINANT
225753	RECESSIVE
225790	RECESSIVE
226200	RECESSIVE
226400	RECESSIVE
226600	RECESSIVE
226650	RECESSIVE
226670	RECESSIVE
226700	RECESSIVE
226730	RECESSIVE
226750	RECESSIVE
226900	RECESSIVE
226980	RECESSIVE
227220	RECESSIVE
227240	RECESSIVE
227260	RECESSIVE
227300	RECESSIVE
227400	RECESSIVE
227500	RECESSIVE
227600	RECESSIVE
227645	RECESSIVE
227646	RECESSIVE
227650	RECESSIVE
227810	RECESSIVE
228000	RECESSIVE
228300	RECESSIVE
228520	RECESSIVE
228550	DOMINANT
228600	RECESSIVE
228900	RECESSIVE
228930	RECESSIVE
228960	RECESSIVE
228980	RECESSIVE
229050	RECESSIVE
229070	RECESSIVE
229100	RECESSIVE
229200	RECESSIVE
229300	RECESSIVE
229600	RECESSIVE
229700	RECESSIVE
229800	RECESSIVE
230000	RECESSIVE
230200	RECESSIVE
230350	RECESSIVE
230400	RECESSIVE
230450	RECESSIVE
230500	RECESSIVE
230600	RECESSIVE
230650	RECESSIVE
230740	RECESSIVE
230800	RECESSIVE
230900	RECESSIVE
231000	RECESSIVE
231005	RECESSIVE
231050	RECESSIVE
231070	RECESSIVE
231090	RECESSIVE
231095	RECESSIVE
231200	RECESSIVE
231300	RECESSIVE
231530	RECESSIVE
231550	RECESSIVE
231670	RECESSIVE
231680	RECESSIVE
231690	RECESSIVE
231900	RECESSIVE
232200	RECESSIVE
232220	RECESSIVE
232240	RECESSIVE
232300	RECESSIVE
232400	RECESSIVE
232500	RECESSIVE
232600	RECESSIVE
232700	RECESSIVE
232800	RECESSIVE
233100	DOMINANT
233300	RECESSIVE
233400	RECESSIVE
233420	RECESSIVE
233650	RECESSIVE
233690	RECESSIVE
233700	RECESSIVE
233710	RECESSIVE
233910	RECESSIVE
234000	RECESSIVE
234050	RECESSIVE
234200	RECESSIVE
234500	RECESSIVE
234580	RECESSIVE
234810	RECESSIVE
235200	RECESSIVE
235400	DOMINANT
235510	RECESSIVE
235550	RECESSIVE
235555	RECESSIVE
235700	RECESSIVE
235730	DOMINANT
235800	DOMINANT
236000	RECESSIVE
236200	RECESSIVE
236250	RECESSIVE
236270	RECESSIVE
236600	RECESSIVE
236670	RECESSIVE
236680	RECESSIVE
236700	RECESSIVE
236730	RECESSIVE
236792	RECESSIVE
236800	RECESSIVE
237300	RECESSIVE
237310	RECESSIVE
237450	RECESSIVE
237500	RECESSIVE
237900	RECESSIVE
238320	RECESSIVE
238600	RECESSIVE
238700	RECESSIVE
238970	RECESSIVE
239000	RECESSIVE
239100	RECESSIVE
239200	DOMINANT
239300	RECESSIVE
239500	RECESSIVE
239510	RECESSIVE
239850	DOMINANT
240300	DOMINANT
240500	DOMINANT
240600	RECESSIVE
240800	DOMINANT
240900	DOMINANT
241080	RECESSIVE
241200	RECESSIVE
241410	RECESSIVE
241500	RECESSIVE
241510	RECESSIVE
241520	RECESSIVE
241530	RECESSIVE
241550	RECESSIVE
241600	RECESSIVE
241850	RECESSIVE
242100	RECESSIVE
242300	RECESSIVE
242500	RECESSIVE
242600	RECESSIVE
242840	RECESSIVE
242860	RECESSIVE
242900	RECESSIVE
243000	RECESSIVE
243060	RECESSIVE
243150	RECESSIVE
243300	RECESSIVE
243310	DOMINANT
243400	RECESSIVE
243500	RECESSIVE
243605	RECESSIVE
243700	RECESSIVE
243800	RECESSIVE
244200	DOMINANT
244400	RECESSIVE
244450	RECESSIVE
244460	RECESSIVE
245000	RECESSIVE
245010	RECESSIVE
245050	UNKNOWN
245150	RECESSIVE
245200	RECESSIVE
245300	UNKNOWN
245340	DOMINANT
245348	RECESSIVE
245349	RECESSIVE
245400	RECESSIVE
245480	RECESSIVE
245570	DOMINANT
245590	UNKNOWN
245600	RECESSIVE
245660	RECESSIVE
245800	RECESSIVE
245900	RECESSIVE
246200	RECESSIVE
246300	DOMINANT
246450	RECESSIVE
246650	RECESSIVE
246700	RECESSIVE
246900	RECESSIVE
247100	RECESSIVE
247420	RECESSIVE
248000	RECESSIVE
248190	RECESSIVE
248200	RECESSIVE
248250	RECESSIVE
248300	RECESSIVE
248360	RECESSIVE
248370	RECESSIVE
248390	RECESSIVE
248450	RECESSIVE
248500	RECESSIVE
248510	RECESSIVE
248600	RECESSIVE
248700	DOMINANT
248800	RECESSIVE
248900	RECESSIVE
249000	RECESSIVE
249100	RECESSIVE
249270	RECESSIVE
249400	UNKNOWN
249420	RECESSIVE
249500	RECESSIVE
249700	RECESSIVE
249900	RECESSIVE
250100	RECESSIVE
250220	RECESSIVE
250250	RECESSIVE
250400	RECESSIVE
250460	RECESSIVE
250620	RECESSIVE
250790	RECESSIVE
250800	RECESSIVE
250850	DOMINANT
250940	RECESSIVE
250950	RECESSIVE
251000	RECESSIVE
251100	RECESSIVE
251110	RECESSIVE
251120	RECESSIVE
251200	RECESSIVE
251255	RECESSIVE
251260	RECESSIVE
251270	RECESSIVE
251290	RECESSIVE
251300	RECESSIVE
251450	RECESSIVE
251750	RECESSIVE
251850	RECESSIVE
251880	RECESSIVE
251950	RECESSIVE
252010	DOMINANT
252011	RECESSIVE
252150	RECESSIVE
252160	RECESSIVE
252500	RECESSIVE
252600	RECESSIVE
252605	RECESSIVE
252650	RECESSIVE
252900	RECESSIVE
252920	RECESSIVE
252930	RECESSIVE
252940	RECESSIVE
253000	RECESSIVE
253010	RECESSIVE
253200	RECESSIVE
253220	RECESSIVE
253250	RECESSIVE
253260	RECESSIVE
253270	RECESSIVE
253280	RECESSIVE
253290	RECESSIVE
253300	RECESSIVE
253310	RECESSIVE
253400	RECESSIVE
253550	RECESSIVE
253600	RECESSIVE
253601	RECESSIVE
253700	RECESSIVE
253800	RECESSIVE
254090	DOMINANT
254110	RECESSIVE
254130	RECESSIVE
254210	RECESSIVE
254300	RECESSIVE
254450	UNKNOWN
254500	UNKNOWN
254600	RECESSIVE
254770	DOMINANT
254780	RECESSIVE
254800	RECESSIVE
254900	RECESSIVE
255100	RECESSIVE
255110	DOMINANT
255120	RECESSIVE
255125	RECESSIVE
255160	RECESSIVE
255200	RECESSIVE
255310	DOMINANT
255320	RECESSIVE
255600	RECESSIVE
255700	RECESSIVE
255800	RECESSIVE
255960	DOMINANT
255995	RECESSIVE
256000	RECESSIVE
256030	RECESSIVE
256040	RECESSIVE
256050	RECESSIVE
256100	RECESSIVE
256300	RECESSIVE
256370	DOMINANT
256450	DOMINANT
256500	RECESSIVE
256520	RECESSIVE
256540	RECESSIVE
256550	RECESSIVE
256600	RECESSIVE
256700	DOMINANT
256730	RECESSIVE
256731	RECESSIVE
256800	RECESSIVE
256810	RECESSIVE
256840	RECESSIVE
256850	RECESSIVE
257200	RECESSIVE
257220	RECESSIVE
257270	RECESSIVE
257300	RECESSIVE
257320	RECESSIVE
257850	RECESSIVE
257920	RECESSIVE
257980	RECESSIVE
258100	RECESSIVE
258315	RECESSIVE
258450	RECESSIVE
258480	RECESSIVE
258501	RECESSIVE
258660	RECESSIVE
258860	RECESSIVE
258870	RECESSIVE
258900	RECESSIVE
259050	DOMINANT
259100	RECESSIVE
259420	DOMINANT
259440	RECESSIVE
259450	RECESSIVE
259500	UNKNOWN
259600	RECESSIVE
259700	RECESSIVE
259710	RECESSIVE
259720	RECESSIVE
259730	RECESSIVE
259770	RECESSIVE
259775	RECESSIVE
259900	RECESSIVE
260000	RECESSIVE
260005	DOMINANT
260300	RECESSIVE
260350	UNKNOWN
260370	RECESSIVE
260400	RECESSIVE
260500	DOMINANT
260540	RECESSIVE
260565	RECESSIVE
260600	RECESSIVE
260660	RECESSIVE
260800	RECESSIVE
260920	RECESSIVE
261000	RECESSIVE
261100	RECESSIVE
261500	RECESSIVE
261515	RECESSIVE
261540	RECESSIVE
261550	RECESSIVE
261600	RECESSIVE
261630	RECESSIVE
261640	RECESSIVE
261670	RECESSIVE
261740	DOMINANT
261750	RECESSIVE
262000	RECESSIVE
262190	RECESSIVE
262300	RECESSIVE
262400	RECESSIVE
262500	RECESSIVE
262600	RECESSIVE
262650	RECESSIVE
262700	DOMINANT
262850	RECESSIVE
262890	RECESSIVE
263200	RECESSIVE
263210	RECESSIVE
263300	UNKNOWN
263400	RECESSIVE
263520	RECESSIVE
263570	RECESSIVE
263650	RECESSIVE
263700	RECESSIVE
263750	RECESSIVE
263800	RECESSIVE
264070	RECESSIVE
264300	RECESSIVE
264350	RECESSIVE
264470	RECESSIVE
264600	RECESSIVE
264700	RECESSIVE
264800	RECESSIVE
265000	RECESSIVE
265050	RECESSIVE
265100	RECESSIVE
265120	RECESSIVE
265380	DOMINANT
265450	DOMINANT
265800	RECESSIVE
265900	RECESSIVE
266100	RECESSIVE
266120	RECESSIVE
266130	RECESSIVE
266140	RECESSIVE
266150	RECESSIVE
266200	RECESSIVE
266265	RECESSIVE
266280	RECESSIVE
266300	RECESSIVE
266500	RECESSIVE
266510	RECESSIVE
266600	UNKNOWN
266900	RECESSIVE
266920	RECESSIVE
267000	RECESSIVE
267010	RECESSIVE
267300	RECESSIVE
267430	RECESSIVE
267500	RECESSIVE
267750	RECESSIVE
268100	RECESSIVE
268130	DOMINANT
268150	RECESSIVE
268200	RECESSIVE
268210	UNKNOWN
268220	RECESSIVE
268300	RECESSIVE
268305	RECESSIVE
268310	RECESSIVE
268400	RECESSIVE
268800	RECESSIVE
268900	RECESSIVE
269000	RECESSIVE
269150	DOMINANT
269160	UNKNOWN
269250	RECESSIVE
269400	RECESSIVE
269500	RECESSIVE
269600	RECESSIVE
269700	RECESSIVE
269840	RECESSIVE
269880	DOMINANT
269920	RECESSIVE
269921	DOMINANT
270100	DOMINANT
270200	RECESSIVE
270300	RECESSIVE
270400	RECESSIVE
270420	RECESSIVE
270450	DOMINANT
270550	RECESSIVE
270685	DOMINANT
270700	RECESSIVE
270800	RECESSIVE
270960	DOMINANT
270970	RECESSIVE
271150	RECESSIVE
271245	RECESSIVE
271400	DOMINANT
271640	RECESSIVE
271665	RECESSIVE
271700	DOMINANT
271900	RECESSIVE
271930	RECESSIVE
271980	RECESSIVE
272120	RECESSIVE
272200	RECESSIVE
272300	RECESSIVE
272430	RECESSIVE
272440	RECESSIVE
272460	RECESSIVE
272750	RECESSIVE
272800	RECESSIVE
273395	RECESSIVE
273750	RECESSIVE
273800	RECESSIVE
274000	RECESSIVE
274150	RECESSIVE
274270	RECESSIVE
274300	RECESSIVE
274400	RECESSIVE
274500	RECESSIVE
274600	RECESSIVE
274700	RECESSIVE
274800	RECESSIVE
274900	RECESSIVE
275100	RECESSIVE
275200	RECESSIVE
275210	RECESSIVE
275350	RECESSIVE
275355	UNKNOWN
275400	RECESSIVE
275630	RECESSIVE
275900	RECESSIVE
276300	RECESSIVE
276600	RECESSIVE
276700	RECESSIVE
276710	RECESSIVE
276820	RECESSIVE
276880	RECESSIVE
276900	RECESSIVE
276901	RECESSIVE
276902	RECESSIVE
276904	RECESSIVE
276950	RECESSIVE
277170	RECESSIVE
277180	RECESSIVE
277300	RECESSIVE
277380	RECESSIVE
277400	RECESSIVE
277410	RECESSIVE
277440	RECESSIVE
277450	RECESSIVE
277460	RECESSIVE
277470	RECESSIVE
277480	RECESSIVE
277580	DOMINANT
277590	DOMINANT
277600	RECESSIVE
277610	DOMINANT
277700	RECESSIVE
277900	RECESSIVE
277950	UNKNOWN
278000	RECESSIVE
278150	RECESSIVE
278250	RECESSIVE
278300	RECESSIVE
278700	RECESSIVE
278720	RECESSIVE
278730	RECESSIVE
278740	RECESSIVE
278750	RECESSIVE
278760	RECESSIVE
278780	RECESSIVE
278800	RECESSIVE
280000	RECESSIVE
300000	RECESSIVE
300004	UNKNOWN
300009	RECESSIVE
300018	UNKNOWN
300029	UNKNOWN
300048	RECESSIVE
300049	DOMINANT
300055	RECESSIVE
300066	DOMINANT
300067	UNKNOWN
300068	RECESSIVE
300071	UNKNOWN
300087	UNKNOWN
300088	UNKNOWN
300100	RECESSIVE
300106	RECESSIVE
300114	RECESSIVE
300123	UNKNOWN
300143	RECESSIVE
300166	DOMINANT
300200	RECESSIVE
300209	RECESSIVE
300210	RECESSIVE
300215	UNKNOWN
300220	UNKNOWN
300238	RECESSIVE
300243	DOMINANT
300244	UNKNOWN
300257	DOMINANT
300260	RECESSIVE
300263	RECESSIVE
300271	RECESSIVE
300291	UNKNOWN
300299	RECESSIVE
300301	UNKNOWN
300321	UNKNOWN
300322	RECESSIVE
300323	RECESSIVE
300352	RECESSIVE
300354	RECESSIVE
300367	RECESSIVE
300373	DOMINANT
300376	RECESSIVE
300387	DOMINANT
300400	RECESSIVE
300419	RECESSIVE
300422	UNKNOWN
300423	RECESSIVE
300424	RECESSIVE
300425	UNKNOWN
300434	UNKNOWN
300436	RECESSIVE
300438	DOMINANT
300448	UNKNOWN
300455	UNKNOWN
300472	RECESSIVE
300475	RECESSIVE
300476	RECESSIVE
300486	RECESSIVE
300489	RECESSIVE
300491	DOMINANT
300494	UNKNOWN
300495	UNKNOWN
300496	UNKNOWN
300497	UNKNOWN
300498	UNKNOWN
300500	UNKNOWN
300510	DOMINANT
300511	DOMINANT
300514	UNKNOWN
300523	DOMINANT
300534	RECESSIVE
300539	RECESSIVE
300554	RECESSIVE
300555	RECESSIVE
300558	RECESSIVE
300559	RECESSIVE
300577	DOMINANT
300582	UNKNOWN
300584	UNKNOWN
300590	DOMINANT
300600	UNKNOWN
300604	RECESSIVE
300607	RECESSIVE
300614	RECESSIVE
300615	RECESSIVE
300622	UNKNOWN
300623	DOMINANT
300624	DOMINANT
300633	RECESSIVE
300635	UNKNOWN
300636	RECESSIVE
300640	UNKNOWN
300643	UNKNOWN
300645	RECESSIVE
300653	RECESSIVE
300659	RECESSIVE
300661	RECESSIVE
300672	DOMINANT
300673	RECESSIVE
300676	RECESSIVE
300695	DOMINANT
300696	RECESSIVE
300699	RECESSIVE
300706	UNKNOWN
300707	DOMINANT
300717	DOMINANT
300718	UNKNOWN
300749	DOMINANT
300751	RECESSIVE
300752	DOMINANT
300755	RECESSIVE
300758	RECESSIVE
300770	UNKNOWN
300799	UNKNOWN
300802	DOMINANT
300803	UNKNOWN
300804	RECESSIVE
300807	UNKNOWN
300814	UNKNOWN
300816	RECESSIVE
300818	UNKNOWN
300830	RECESSIVE
300831	RECESSIVE
300834	RECESSIVE
300835	RECESSIVE
300842	UNKNOWN
300844	DOMINANT
300847	UNKNOWN
300849	DOMINANT
300850	RECESSIVE
300853	UNKNOWN
300854	UNKNOWN
300855	DOMINANT
300857	DOMINANT
300860	RECESSIVE
300863	DOMINANT
300867	DOMINANT
300868	RECESSIVE
300872	RECESSIVE
300882	DOMINANT
300884	DOMINANT
300886	RECESSIVE
300887	DOMINANT
300888	RECESSIVE
300894	DOMINANT
300895	RECESSIVE
300896	DOMINANT
300905	DOMINANT
300908	RECESSIVE
300909	UNKNOWN
300910	DOMINANT
300911	RECESSIVE
300912	RECESSIVE
300914	RECESSIVE
300915	UNKNOWN
300918	RECESSIVE
300919	RECESSIVE
300923	RECESSIVE
300928	RECESSIVE
300932	UNKNOWN
300934	RECESSIVE
300943	UNKNOWN
300946	RECESSIVE
300952	DOMINANT
300953	DOMINANT
300957	RECESSIVE
300958	DOMINANT
300960	RECESSIVE
300963	RECESSIVE
300966	RECESSIVE
300967	UNKNOWN
300968	DOMINANT
300971	RECESSIVE
300972	RECESSIVE
300978	RECESSIVE
300982	RECESSIVE
300983	RECESSIVE
300984	RECESSIVE
300985	UNKNOWN
300986	DOMINANT
300987	RECESSIVE
300988	RECESSIVE
300989	UNKNOWN
300990	RECESSIVE
300991	RECESSIVE
301000	RECESSIVE
301040	DOMINANT
301050	DOMINANT
301200	DOMINANT
301220	RECESSIVE
301310	RECESSIVE
301500	UNKNOWN
301830	RECESSIVE
301835	RECESSIVE
301900	RECESSIVE
302045	UNKNOWN
302060	RECESSIVE
302200	UNKNOWN
302350	DOMINANT
302500	RECESSIVE
302800	DOMINANT
302905	UNKNOWN
302950	RECESSIVE
302960	DOMINANT
303100	DOMINANT
303350	RECESSIVE
303400	UNKNOWN
303600	DOMINANT
303700	RECESSIVE
303800	UNKNOWN
303900	UNKNOWN
304020	UNKNOWN
304100	RECESSIVE
304110	DOMINANT
304120	DOMINANT
304150	RECESSIVE
304340	RECESSIVE
304400	RECESSIVE
304500	UNKNOWN
304700	RECESSIVE
304790	RECESSIVE
304800	RECESSIVE
305000	RECESSIVE
305100	RECESSIVE
305390	UNKNOWN
305400	RECESSIVE
305450	RECESSIVE
305600	DOMINANT
305620	RECESSIVE
306000	RECESSIVE
306400	RECESSIVE
306700	RECESSIVE
306900	RECESSIVE
306955	RECESSIVE
307000	RECESSIVE
307030	RECESSIVE
307200	RECESSIVE
307800	DOMINANT
308050	DOMINANT
308100	RECESSIVE
308205	RECESSIVE
308230	RECESSIVE
308240	RECESSIVE
308300	DOMINANT
308350	RECESSIVE
308700	RECESSIVE
308800	RECESSIVE
308990	RECESSIVE
309000	RECESSIVE
309120	RECESSIVE
309300	RECESSIVE
309350	DOMINANT
309400	RECESSIVE
309500	RECESSIVE
309510	RECESSIVE
309520	RECESSIVE
309530	DOMINANT
309541	RECESSIVE
309548	RECESSIVE
309549	RECESSIVE
309580	RECESSIVE
309583	RECESSIVE
309585	RECESSIVE
309630	RECESSIVE
309800	UNKNOWN
309801	DOMINANT
309900	RECESSIVE
310200	RECESSIVE
310300	RECESSIVE
310400	RECESSIVE
310440	RECESSIVE
310468	RECESSIVE
310490	RECESSIVE
310500	RECESSIVE
310600	RECESSIVE
310700	UNKNOWN
311070	RECESSIVE
311200	DOMINANT
311250	RECESSIVE
311300	DOMINANT
311360	UNKNOWN
311510	RECESSIVE
311900	RECESSIVE
312000	UNKNOWN
312060	RECESSIVE
312080	RECESSIVE
312170	DOMINANT
312300	RECESSIVE
312600	UNKNOWN
312700	DOMINANT
312750	DOMINANT
312863	RECESSIVE
312870	RECESSIVE
312920	RECESSIVE
313200	RECESSIVE
313400	RECESSIVE
313500	DOMINANT
313900	RECESSIVE
314050	RECESSIVE
314250	RECESSIVE
314390	RECESSIVE
314400	RECESSIVE
314580	RECESSIVE
400044	UNKNOWN
400045	UNKNOWN
415000	UNKNOWN
580000	UNKNOWN
600001	DOMINANT
600002	RECESSIVE
600059	DOMINANT
600060	RECESSIVE
600072	DOMINANT
600081	RECESSIVE
600101	DOMINANT
600105	RECESSIVE
600110	DOMINANT
600116	RECESSIVE
600118	RECESSIVE
600121	RECESSIVE
600132	RECESSIVE
600138	DOMINANT
600142	RECESSIVE
600143	RECESSIVE
600145	DOMINANT
600151	RECESSIVE
600155	RECESSIVE
600175	DOMINANT
600195	DOMINANT
600204	DOMINANT
600208	DOMINANT
600224	DOMINANT
600231	DOMINANT
600251	UNKNOWN
600263	UNKNOWN
600274	DOMINANT
600309	DOMINANT
600316	RECESSIVE
600320	UNKNOWN
600334	DOMINANT
600348	RECESSIVE
600363	DOMINANT
600373	RECESSIVE
600376	DOMINANT
600462	RECESSIVE
600496	DOMINANT
600501	RECESSIVE
600512	DOMINANT
600513	DOMINANT
600625	UNKNOWN
600630	RECESSIVE
600634	UNKNOWN
600638	DOMINANT
600649	RECESSIVE
600652	DOMINANT
600666	DOMINANT
600721	RECESSIVE
600740	DOMINANT
600775	DOMINANT
600791	RECESSIVE
600794	DOMINANT
600795	DOMINANT
600802	RECESSIVE
600803	DOMINANT
600807	DOMINANT
600850	DOMINANT
600852	DOMINANT
600858	DOMINANT
600880	RECESSIVE
600881	DOMINANT
600882	DOMINANT
600886	DOMINANT
600901	RECESSIVE
600919	DOMINANT
600920	RECESSIVE
600955	UNKNOWN
600962	DOMINANT
600965	DOMINANT
600969	DOMINANT
600971	RECESSIVE
600972	RECESSIVE
600974	RECESSIVE
600977	DOMINANT
600994	DOMINANT
600995	RECESSIVE
600996	DOMINANT
601001	RECESSIVE
601003	RECESSIVE
601005	DOMINANT
601042	DOMINANT
601067	RECESSIVE
601071	RECESSIVE
601072	RECESSIVE
601088	DOMINANT
601098	DOMINANT
601104	DOMINANT
601110	RECESSIVE
601144	DOMINANT
601152	DOMINANT
601154	DOMINANT
601162	DOMINANT
601186	RECESSIVE
601198	DOMINANT
601200	DOMINANT
601214	RECESSIVE
601216	RECESSIVE
601238	RECESSIVE
601277	RECESSIVE
601283	UNKNOWN
601287	RECESSIVE
601316	DOMINANT
601317	DOMINANT
601321	DOMINANT
601331	DOMINANT
601338	DOMINANT
601358	DOMINANT
601367	UNKNOWN
601369	DOMINANT
601382	RECESSIVE
601386	RECESSIVE
601388	UNKNOWN
601390	RECESSIVE
601399	DOMINANT
601410	UNKNOWN
601414	DOMINANT
601419	DOMINANT
601455	RECESSIVE
601457	RECESSIVE
601462	DOMINANT
601472	DOMINANT
601492	RECESSIVE
601493	DOMINANT
601494	DOMINANT
601495	RECESSIVE
601518	DOMINANT
601536	UNKNOWN
601539	RECESSIVE
601543	DOMINANT
601544	DOMINANT
601547	DOMINANT
601550	UNKNOWN
601551	UNKNOWN
601552	RECESSIVE
601553	RECESSIVE
601559	RECESSIVE
601583	DOMINANT
601596	RECESSIVE
601606	DOMINANT
601626	UNKNOWN
601631	DOMINANT
601634	RECESSIVE
601650	DOMINANT
601665	DOMINANT
601675	RECESSIVE
601678	RECESSIVE
601680	DOMINANT
601705	RECESSIVE
601707	UNKNOWN
601709	DOMINANT
601718	RECESSIVE
601744	UNKNOWN
601776	RECESSIVE
601777	DOMINANT
601780	RECESSIVE
601800	UNKNOWN
601812	DOMINANT
601813	DOMINANT
601815	RECESSIVE
601816	UNKNOWN
601820	RECESSIVE
601847	RECESSIVE
601859	DOMINANT
601868	DOMINANT
601869	RECESSIVE
601884	DOMINANT
601885	DOMINANT
601887	DOMINANT
601894	DOMINANT
601942	UNKNOWN
601952	RECESSIVE
601954	RECESSIVE
601977	DOMINANT
602014	RECESSIVE
602025	UNKNOWN
602032	RECESSIVE
602066	DOMINANT
602078	RECESSIVE
602079	RECESSIVE
602080	DOMINANT
602081	DOMINANT
602082	DOMINANT
602083	RECESSIVE
602088	RECESSIVE
602089	UNKNOWN
602092	RECESSIVE
602093	DOMINANT
602099	RECESSIVE
602111	DOMINANT
602342	DOMINANT
602347	RECESSIVE
602361	DOMINANT
602390	RECESSIVE
602398	RECESSIVE
602400	RECESSIVE
602433	DOMINANT
602450	RECESSIVE
602459	DOMINANT
602471	RECESSIVE
602473	RECESSIVE
602481	DOMINANT
602482	DOMINANT
602483	DOMINANT
602485	DOMINANT
602491	UNKNOWN
602501	UNKNOWN
602522	RECESSIVE
602531	RECESSIVE
602535	DOMINANT
602540	DOMINANT
602541	RECESSIVE
602579	RECESSIVE
602588	DOMINANT
602629	DOMINANT
602668	DOMINANT
602722	UNKNOWN
602723	DOMINANT
602771	RECESSIVE
602772	UNKNOWN
602849	DOMINANT
602875	RECESSIVE
603034	RECESSIVE
603041	RECESSIVE
603075	DOMINANT
603147	RECESSIVE
603194	RECESSIVE
603218	DOMINANT
603233	DOMINANT
603278	DOMINANT
603284	DOMINANT
603285	UNKNOWN
603358	UNKNOWN
603373	UNKNOWN
603383	UNKNOWN
603387	DOMINANT
603467	UNKNOWN
603471	RECESSIVE
603511	DOMINANT
603513	RECESSIVE
603516	DOMINANT
603543	DOMINANT
603546	DOMINANT
603552	RECESSIVE
603553	RECESSIVE
603554	RECESSIVE
603563	DOMINANT
603585	RECESSIVE
603592	RECESSIVE
603622	DOMINANT
603629	RECESSIVE
603649	UNKNOWN
603671	DOMINANT
603688	UNKNOWN
603689	UNKNOWN
603720	RECESSIVE
603736	UNKNOWN
603776	UNKNOWN
603786	UNKNOWN
603813	UNKNOWN
603829	UNKNOWN
603830	DOMINANT
603860	UNKNOWN
603896	RECESSIVE
603902	UNKNOWN
603903	RECESSIVE
603909	DOMINANT
603932	UNKNOWN
603933	UNKNOWN
603956	UNKNOWN
603965	UNKNOWN
604004	RECESSIVE
604091	UNKNOWN
604093	RECESSIVE
604116	UNKNOWN
604117	DOMINANT
604121	DOMINANT
604129	DOMINANT
604131	UNKNOWN
604145	UNKNOWN
604168	RECESSIVE
604169	DOMINANT
604173	RECESSIVE
604187	DOMINANT
604213	RECESSIVE
604218	DOMINANT
604219	DOMINANT
604229	UNKNOWN
604232	UNKNOWN
604233	DOMINANT
604250	RECESSIVE
604271	UNKNOWN
604273	RECESSIVE
604278	RECESSIVE
604286	RECESSIVE
604290	RECESSIVE
604292	DOMINANT
604302	UNKNOWN
604307	DOMINANT
604308	UNKNOWN
604317	RECESSIVE
604320	RECESSIVE
604321	RECESSIVE
604326	DOMINANT
604348	DOMINANT
604352	DOMINANT
604356	UNKNOWN
604360	RECESSIVE
604364	DOMINANT
604367	DOMINANT
604369	RECESSIVE
604370	DOMINANT
604377	RECESSIVE
604379	RECESSIVE
604387	RECESSIVE
604391	RECESSIVE
604393	RECESSIVE
604400	DOMINANT
604403	DOMINANT
604416	DOMINANT
604432	DOMINANT
604454	DOMINANT
604484	DOMINANT
604498	RECESSIVE
604536	UNKNOWN
604537	UNKNOWN
604559	DOMINANT
604563	RECESSIVE
604571	RECESSIVE
604625	DOMINANT
604715	UNKNOWN
604717	DOMINANT
604757	DOMINANT
604765	UNKNOWN
604772	DOMINANT
604777	RECESSIVE
604804	RECESSIVE
604805	DOMINANT
604841	DOMINANT
604864	DOMINANT
604906	UNKNOWN
604928	RECESSIVE
604931	RECESSIVE
605013	RECESSIVE
605019	RECESSIVE
605021	RECESSIVE
605027	UNKNOWN
605039	DOMINANT
605041	DOMINANT
605074	UNKNOWN
605115	UNKNOWN
605130	DOMINANT
605192	DOMINANT
605218	UNKNOWN
605231	RECESSIVE
605249	DOMINANT
605253	DOMINANT
605258	RECESSIVE
605259	DOMINANT
605280	DOMINANT
605282	RECESSIVE
605285	RECESSIVE
605289	DOMINANT
605309	DOMINANT
605355	RECESSIVE
605361	DOMINANT
605362	UNKNOWN
605373	DOMINANT
605375	UNKNOWN
605376	DOMINANT
605387	DOMINANT
605389	UNKNOWN
605407	RECESSIVE
605432	DOMINANT
605472	DOMINANT
605479	RECESSIVE
605543	DOMINANT
605583	DOMINANT
605588	RECESSIVE
605589	RECESSIVE
605594	DOMINANT
605637	DOMINANT
605670	DOMINANT
605676	RECESSIVE
605711	RECESSIVE
605714	DOMINANT
605724	RECESSIVE
605726	RECESSIVE
605751	DOMINANT
605803	UNKNOWN
605809	DOMINANT
605814	RECESSIVE
605820	RECESSIVE
605822	RECESSIVE
605850	RECESSIVE
605899	RECESSIVE
605909	RECESSIVE
605911	RECESSIVE
605990	UNKNOWN
606002	RECESSIVE
606003	RECESSIVE
606054	RECESSIVE
606056	RECESSIVE
606068	UNKNOWN
606069	DOMINANT
606070	DOMINANT
606071	DOMINANT
606072	DOMINANT
606159	DOMINANT
606164	DOMINANT
606170	DOMINANT
606176	DOMINANT
606217	DOMINANT
606232	UNKNOWN
606243	UNKNOWN
606324	RECESSIVE
606346	DOMINANT
606353	RECESSIVE
606367	RECESSIVE
606392	UNKNOWN
606394	UNKNOWN
606408	RECESSIVE
606438	DOMINANT
606482	DOMINANT
606545	RECESSIVE
606574	UNKNOWN
606579	UNKNOWN
606581	UNKNOWN
606593	UNKNOWN
606595	DOMINANT
606612	RECESSIVE
606657	UNKNOWN
606658	DOMINANT
606664	RECESSIVE
606685	UNKNOWN
606688	DOMINANT
606690	UNKNOWN
606693	RECESSIVE
606703	DOMINANT
606705	DOMINANT
606713	DOMINANT
606719	DOMINANT
606721	DOMINANT
606744	RECESSIVE
606762	DOMINANT
606763	RECESSIVE
606764	UNKNOWN
606766	DOMINANT
606768	RECESSIVE
606777	DOMINANT
606785	RECESSIVE
606798	UNKNOWN
606812	RECESSIVE
606824	RECESSIVE
606835	DOMINANT
606843	RECESSIVE
606854	RECESSIVE
606856	UNKNOWN
606864	UNKNOWN
606889	DOMINANT
606893	RECESSIVE
606943	RECESSIVE
606952	UNKNOWN
606966	RECESSIVE
606996	RECESSIVE
607014	RECESSIVE
607015	RECESSIVE
607016	RECESSIVE
607039	RECESSIVE
607060	DOMINANT
607078	DOMINANT
607080	UNKNOWN
607084	RECESSIVE
607091	RECESSIVE
607095	RECESSIVE
607101	RECESSIVE
607115	DOMINANT
607131	RECESSIVE
607136	DOMINANT
607143	UNKNOWN
607151	UNKNOWN
607154	UNKNOWN
607155	RECESSIVE
607174	UNKNOWN
607196	RECESSIVE
607200	RECESSIVE
607208	DOMINANT
607225	RECESSIVE
607236	RECESSIVE
607250	UNKNOWN
607259	DOMINANT
607271	RECESSIVE
607276	UNKNOWN
607277	UNKNOWN
607278	DOMINANT
607313	RECESSIVE
607323	DOMINANT
607326	RECESSIVE
607330	RECESSIVE
607346	DOMINANT
607361	RECESSIVE
607364	RECESSIVE
607371	DOMINANT
607398	RECESSIVE
607417	RECESSIVE
607426	RECESSIVE
607432	UNKNOWN
607447	UNKNOWN
607450	DOMINANT
607453	DOMINANT
607454	DOMINANT
607457	UNKNOWN
607459	RECESSIVE
607464	UNKNOWN
607473	UNKNOWN
607475	RECESSIVE
607476	UNKNOWN
607482	UNKNOWN
607483	RECESSIVE
607485	DOMINANT
607486	UNKNOWN
607487	DOMINANT
607507	UNKNOWN
607514	UNKNOWN
607523	DOMINANT
607539	RECESSIVE
607541	DOMINANT
607554	DOMINANT
607594	RECESSIVE
607595	DOMINANT
607596	RECESSIVE
607598	RECESSIVE
607602	DOMINANT
607616	RECESSIVE
607624	RECESSIVE
607625	RECESSIVE
607626	RECESSIVE
607628	DOMINANT
607631	DOMINANT
607634	DOMINANT
607636	DOMINANT
607641	DOMINANT
607654	UNKNOWN
607655	RECESSIVE
607676	UNKNOWN
607677	DOMINANT
607678	DOMINANT
607681	DOMINANT
607682	DOMINANT
607684	DOMINANT
607685	UNKNOWN
607688	UNKNOWN
607694	RECESSIVE
607706	RECESSIVE
607721	DOMINANT
607734	DOMINANT
607736	DOMINANT
607745	DOMINANT
607748	UNKNOWN
607765	RECESSIVE
607778	RECESSIVE
607785	UNKNOWN
607791	DOMINANT
607801	DOMINANT
607812	RECESSIVE
607821	RECESSIVE
607822	DOMINANT
607823	RECESSIVE
607829	DOMINANT
607831	DOMINANT
607832	UNKNOWN
607836	DOMINANT
607842	DOMINANT
607847	DOMINANT
607850	DOMINANT
607855	RECESSIVE
607864	UNKNOWN
607876	DOMINANT
607903	RECESSIVE
607906	RECESSIVE
607907	UNKNOWN
607921	UNKNOWN
607932	DOMINANT
607936	RECESSIVE
607941	DOMINANT
607944	RECESSIVE
607948	UNKNOWN
608013	RECESSIVE
608022	RECESSIVE
608027	RECESSIVE
608030	UNKNOWN
608033	DOMINANT
608051	DOMINANT
608089	UNKNOWN
608091	RECESSIVE
608093	RECESSIVE
608097	RECESSIVE
608099	RECESSIVE
608104	UNKNOWN
608106	RECESSIVE
608115	DOMINANT
608118	DOMINANT
608133	DOMINANT
608161	DOMINANT
608175	UNKNOWN
608180	DOMINANT
608189	DOMINANT
608194	UNKNOWN
608203	UNKNOWN
608224	DOMINANT
608232	UNKNOWN
608233	RECESSIVE
608236	DOMINANT
608265	RECESSIVE
608266	UNKNOWN
608320	DOMINANT
608323	DOMINANT
608328	DOMINANT
608340	RECESSIVE
608354	DOMINANT
608355	UNKNOWN
608358	DOMINANT
608361	DOMINANT
608380	UNKNOWN
608389	DOMINANT
608390	DOMINANT
608393	RECESSIVE
608404	RECESSIVE
608415	UNKNOWN
608423	DOMINANT
608443	RECESSIVE
608446	UNKNOWN
608456	RECESSIVE
608470	UNKNOWN
608471	DOMINANT
608516	UNKNOWN
608540	RECESSIVE
608553	RECESSIVE
608556	UNKNOWN
608565	RECESSIVE
608567	RECESSIVE
608569	UNKNOWN
608572	RECESSIVE
608579	UNKNOWN
608584	UNKNOWN
608594	RECESSIVE
608611	RECESSIVE
608612	RECESSIVE
608615	DOMINANT
608622	DOMINANT
608627	DOMINANT
608629	RECESSIVE
608634	DOMINANT
608641	DOMINANT
608643	RECESSIVE
608644	UNKNOWN
608647	RECESSIVE
608649	UNKNOWN
608654	RECESSIVE
608673	DOMINANT
608681	UNKNOWN
608688	RECESSIVE
608709	DOMINANT
608716	RECESSIVE
608728	RECESSIVE
608747	RECESSIVE
608751	DOMINANT
608758	DOMINANT
608768	DOMINANT
608776	UNKNOWN
608779	UNKNOWN
608782	RECESSIVE
608799	RECESSIVE
608800	RECESSIVE
608804	RECESSIVE
608805	DOMINANT
608807	RECESSIVE
608808	DOMINANT
608810	DOMINANT
608812	UNKNOWN
608836	RECESSIVE
608837	UNKNOWN
608840	RECESSIVE
608864	UNKNOWN
608874	UNKNOWN
608885	DOMINANT
608890	RECESSIVE
608895	DOMINANT
608898	UNKNOWN
608901	UNKNOWN
608902	RECESSIVE
608907	DOMINANT
608908	DOMINANT
608930	DOMINANT
608931	RECESSIVE
608940	RECESSIVE
608957	RECESSIVE
608971	RECESSIVE
608978	UNKNOWN
608980	UNKNOWN
608984	DOMINANT
608996	DOMINANT
609006	RECESSIVE
609015	RECESSIVE
609016	RECESSIVE
609027	UNKNOWN
609033	RECESSIVE
609040	DOMINANT
609048	DOMINANT
609049	RECESSIVE
609053	UNKNOWN
609054	UNKNOWN
609056	RECESSIVE
609057	UNKNOWN
609060	RECESSIVE
609069	RECESSIVE
609070	DOMINANT
609115	DOMINANT
609129	DOMINANT
609135	UNKNOWN
609136	DOMINANT
609140	UNKNOWN
609141	UNKNOWN
609148	UNKNOWN
609152	DOMINANT
609161	DOMINANT
609162	DOMINANT
609165	DOMINANT
609180	RECESSIVE
609192	DOMINANT
609195	RECESSIVE
609200	DOMINANT
609218	RECESSIVE
609220	RECESSIVE
609227	RECESSIVE
609241	RECESSIVE
609242	RECESSIVE
609254	RECESSIVE
609260	DOMINANT
609265	UNKNOWN
609270	RECESSIVE
609273	DOMINANT
609283	DOMINANT
609284	DOMINANT
609285	DOMINANT
609286	DOMINANT
609304	RECESSIVE
609306	DOMINANT
609307	DOMINANT
609308	RECESSIVE
609310	UNKNOWN
609311	RECESSIVE
609313	RECESSIVE
609322	UNKNOWN
609338	UNKNOWN
609340	RECESSIVE
609352	UNKNOWN
609404	UNKNOWN
609423	UNKNOWN
609432	RECESSIVE
609439	RECESSIVE
609441	RECESSIVE
609446	DOMINANT
609452	DOMINANT
609460	RECESSIVE
609508	DOMINANT
609524	DOMINANT
609528	RECESSIVE
609529	UNKNOWN
609532	UNKNOWN
609533	RECESSIVE
609535	RECESSIVE
609536	UNKNOWN
609541	RECESSIVE
609549	UNKNOWN
609560	RECESSIVE
609579	UNKNOWN
609583	RECESSIVE
609597	DOMINANT
609620	UNKNOWN
609621	DOMINANT
609622	UNKNOWN
609628	UNKNOWN
609634	DOMINANT
609637	DOMINANT
609638	RECESSIVE
609646	RECESSIVE
609698	UNKNOWN
609706	RECESSIVE
609734	UNKNOWN
609741	DOMINANT
609753	UNKNOWN
609755	UNKNOWN
609796	RECESSIVE
609812	DOMINANT
609813	UNKNOWN
609814	DOMINANT
609820	DOMINANT
609821	UNKNOWN
609823	RECESSIVE
609886	UNKNOWN
609887	UNKNOWN
609889	UNKNOWN
609909	UNKNOWN
609923	UNKNOWN
609924	RECESSIVE
609942	UNKNOWN
609968	DOMINANT
609975	RECESSIVE
609981	RECESSIVE
610003	RECESSIVE
610006	RECESSIVE
610015	RECESSIVE
610017	DOMINANT
610019	RECESSIVE
610021	DOMINANT
610024	DOMINANT
610031	DOMINANT
610042	UNKNOWN
610048	DOMINANT
610069	UNKNOWN
610090	RECESSIVE
610092	UNKNOWN
610093	UNKNOWN
610100	DOMINANT
610102	UNKNOWN
610125	DOMINANT
610127	RECESSIVE
610131	DOMINANT
610140	DOMINANT
610149	UNKNOWN
610153	RECESSIVE
610154	RECESSIVE
610156	RECESSIVE
610163	RECESSIVE
610168	DOMINANT
610181	RECESSIVE
610185	RECESSIVE
610187	UNKNOWN
610188	RECESSIVE
610189	RECESSIVE
610193	DOMINANT
610198	RECESSIVE
610199	RECESSIVE
610202	DOMINANT
610204	RECESSIVE
610205	DOMINANT
610212	RECESSIVE
610217	RECESSIVE
610220	RECESSIVE
610227	UNKNOWN
610244	DOMINANT
610245	DOMINANT
610246	DOMINANT
610250	DOMINANT
610251	DOMINANT
610253	DOMINANT
610256	RECESSIVE
610265	RECESSIVE
610269	UNKNOWN
610282	DOMINANT
610283	RECESSIVE
610293	RECESSIVE
610297	UNKNOWN
610313	RECESSIVE
610329	RECESSIVE
610333	RECESSIVE
610353	DOMINANT
610356	RECESSIVE
610357	RECESSIVE
610359	DOMINANT
610370	RECESSIVE
610374	UNKNOWN
610377	RECESSIVE
610379	UNKNOWN
610381	DOMINANT
610419	RECESSIVE
610424	UNKNOWN
610425	UNKNOWN
610427	RECESSIVE
610442	RECESSIVE
610443	DOMINANT
610444	DOMINANT
610445	UNKNOWN
610446	UNKNOWN
610448	DOMINANT
610455	RECESSIVE
610460	RECESSIVE
610474	DOMINANT
610475	DOMINANT
610476	DOMINANT
610478	RECESSIVE
610489	DOMINANT
610498	RECESSIVE
610504	UNKNOWN
610505	RECESSIVE
610508	UNKNOWN
610532	RECESSIVE
610536	DOMINANT
610539	UNKNOWN
610542	RECESSIVE
610549	UNKNOWN
610551	UNKNOWN
610582	DOMINANT
610599	UNKNOWN
610600	RECESSIVE
610612	RECESSIVE
610618	DOMINANT
610623	DOMINANT
610628	DOMINANT
610629	DOMINANT
610644	RECESSIVE
610651	RECESSIVE
610678	RECESSIVE
610682	RECESSIVE
610687	RECESSIVE
610688	RECESSIVE
610698	UNKNOWN
610706	RECESSIVE
610713	UNKNOWN
610717	RECESSIVE
610725	RECESSIVE
610733	DOMINANT
610738	RECESSIVE
610743	RECESSIVE
610755	DOMINANT
610756	UNKNOWN
610758	RECESSIVE
610759	DOMINANT
610762	UNKNOWN
610768	RECESSIVE
610773	UNKNOWN
610798	RECESSIVE
610799	UNKNOWN
610805	DOMINANT
610828	DOMINANT
610829	DOMINANT
610832	UNKNOWN
610842	UNKNOWN
610852	RECESSIVE
610878	UNKNOWN
610896	UNKNOWN
610913	DOMINANT
610915	RECESSIVE
610921	RECESSIVE
610927	UNKNOWN
610938	UNKNOWN
610947	DOMINANT
610951	RECESSIVE
610954	DOMINANT
610965	UNKNOWN
610967	DOMINANT
610968	RECESSIVE
610978	DOMINANT
610984	RECESSIVE
610988	UNKNOWN
610992	RECESSIVE
611022	RECESSIVE
611038	RECESSIVE
611040	RECESSIVE
611064	UNKNOWN
611067	RECESSIVE
611081	UNKNOWN
611087	RECESSIVE
611090	RECESSIVE
611091	RECESSIVE
611092	RECESSIVE
611093	RECESSIVE
611105	RECESSIVE
611126	RECESSIVE
611131	DOMINANT
611134	RECESSIVE
611136	UNKNOWN
611162	UNKNOWN
611174	RECESSIVE
611182	UNKNOWN
611209	UNKNOWN
611225	RECESSIVE
611228	RECESSIVE
611263	RECESSIVE
611277	DOMINANT
611283	UNKNOWN
611291	UNKNOWN
611302	RECESSIVE
611307	RECESSIVE
611363	UNKNOWN
611369	RECESSIVE
611377	DOMINANT
611378	UNKNOWN
611383	RECESSIVE
611390	RECESSIVE
611391	DOMINANT
611407	UNKNOWN
611431	DOMINANT
611451	RECESSIVE
611465	UNKNOWN
611489	DOMINANT
611490	UNKNOWN
611493	UNKNOWN
611497	UNKNOWN
611498	UNKNOWN
611521	RECESSIVE
611523	RECESSIVE
611528	DOMINANT
611543	DOMINANT
611544	UNKNOWN
611548	DOMINANT
611553	UNKNOWN
611554	UNKNOWN
611556	RECESSIVE
611560	RECESSIVE
611561	RECESSIVE
611584	DOMINANT
611588	RECESSIVE
611590	RECESSIVE
611597	DOMINANT
611603	DOMINANT
611615	RECESSIVE
611638	DOMINANT
611664	UNKNOWN
611705	RECESSIVE
611718	UNKNOWN
611719	RECESSIVE
611721	RECESSIVE
611722	RECESSIVE
611724	UNKNOWN
611726	RECESSIVE
611742	UNKNOWN
611755	UNKNOWN
611762	DOMINANT
611771	UNKNOWN
611773	DOMINANT
611775	UNKNOWN
611777	UNKNOWN
611783	UNKNOWN
611788	DOMINANT
611804	UNKNOWN
611809	UNKNOWN
611812	RECESSIVE
611816	DOMINANT
611818	DOMINANT
611819	DOMINANT
611820	DOMINANT
611862	UNKNOWN
611868	UNKNOWN
611875	UNKNOWN
611876	UNKNOWN
611878	DOMINANT
611879	UNKNOWN
611880	RECESSIVE
611881	RECESSIVE
611884	RECESSIVE
611890	UNKNOWN
611895	UNKNOWN
611928	UNKNOWN
611938	RECESSIVE
611942	UNKNOWN
611943	RECESSIVE
611953	UNKNOWN
611960	UNKNOWN
612004	DOMINANT
612015	RECESSIVE
612016	RECESSIVE
612018	DOMINANT
612020	RECESSIVE
612042	UNKNOWN
612052	UNKNOWN
612067	RECESSIVE
612069	DOMINANT
612073	RECESSIVE
612075	RECESSIVE
612076	DOMINANT
612079	RECESSIVE
612095	RECESSIVE
612098	DOMINANT
612100	UNKNOWN
612109	RECESSIVE
612124	DOMINANT
612126	DOMINANT
612132	DOMINANT
612138	RECESSIVE
612158	DOMINANT
612160	UNKNOWN
612164	DOMINANT
612199	RECESSIVE
612201	DOMINANT
612219	UNKNOWN
612225	UNKNOWN
612227	DOMINANT
612229	UNKNOWN
612233	RECESSIVE
612237	UNKNOWN
612240	DOMINANT
612244	UNKNOWN
612245	UNKNOWN
612247	DOMINANT
612251	UNKNOWN
612253	UNKNOWN
612260	UNKNOWN
612261	UNKNOWN
612267	UNKNOWN
612269	UNKNOWN
612271	UNKNOWN
612278	UNKNOWN
612281	RECESSIVE
612284	RECESSIVE
612285	RECESSIVE
612286	DOMINANT
612287	DOMINANT
612290	DOMINANT
612291	RECESSIVE
612292	UNKNOWN
612300	RECESSIVE
612301	UNKNOWN
612304	RECESSIVE
612310	DOMINANT
612313	DOMINANT
612318	UNKNOWN
612319	RECESSIVE
612336	DOMINANT
612337	DOMINANT
612347	RECESSIVE
612350	RECESSIVE
612356	DOMINANT
612359	DOMINANT
612362	UNKNOWN
612370	UNKNOWN
612371	UNKNOWN
612376	UNKNOWN
612379	RECESSIVE
612387	UNKNOWN
612389	RECESSIVE
612390	UNKNOWN
612394	RECESSIVE
612400	UNKNOWN
612416	UNKNOWN
612422	DOMINANT
612423	RECESSIVE
612437	RECESSIVE
612438	DOMINANT
612444	UNKNOWN
612446	UNKNOWN
612447	RECESSIVE
612460	RECESSIVE
612462	DOMINANT
612463	DOMINANT
612518	UNKNOWN
612520	UNKNOWN
612522	UNKNOWN
612526	UNKNOWN
612527	DOMINANT
612528	DOMINANT
612529	RECESSIVE
612539	DOMINANT
612540	RECESSIVE
612541	RECESSIVE
612542	UNKNOWN
612551	UNKNOWN
612555	DOMINANT
612556	UNKNOWN
612560	UNKNOWN
612561	DOMINANT
612562	DOMINANT
612563	DOMINANT
612567	RECESSIVE
612572	UNKNOWN
612577	DOMINANT
612580	UNKNOWN
612581	UNKNOWN
612591	DOMINANT
612621	DOMINANT
612623	UNKNOWN
612624	UNKNOWN
612628	UNKNOWN
612630	UNKNOWN
612631	RECESSIVE
612633	UNKNOWN
612634	UNKNOWN
612635	UNKNOWN
612643	DOMINANT
612644	DOMINANT
612645	RECESSIVE
612649	UNKNOWN
612650	UNKNOWN
612651	RECESSIVE
612653	DOMINANT
612656	DOMINANT
612657	UNKNOWN
612671	DOMINANT
612674	RECESSIVE
612690	UNKNOWN
612691	RECESSIVE
612692	RECESSIVE
612702	UNKNOWN
612703	RECESSIVE
612712	RECESSIVE
612713	RECESSIVE
612714	RECESSIVE
612716	DOMINANT
612718	RECESSIVE
612736	RECESSIVE
612740	RECESSIVE
612775	UNKNOWN
612780	RECESSIVE
612781	UNKNOWN
612782	RECESSIVE
612783	RECESSIVE
612794	DOMINANT
612797	UNKNOWN
612798	DOMINANT
612813	UNKNOWN
612838	UNKNOWN
612840	RECESSIVE
612847	RECESSIVE
612852	RECESSIVE
612874	RECESSIVE
612877	UNKNOWN
612885	RECESSIVE
612899	UNKNOWN
612900	UNKNOWN
612908	UNKNOWN
612918	UNKNOWN
612921	UNKNOWN
612922	DOMINANT
612923	DOMINANT
612924	DOMINANT
612925	DOMINANT
612926	DOMINANT
612932	RECESSIVE
612933	RECESSIVE
612936	RECESSIVE
612937	UNKNOWN
612938	RECESSIVE
612940	RECESSIVE
612943	DOMINANT
612949	RECESSIVE
612951	RECESSIVE
612952	RECESSIVE
612953	RECESSIVE
612954	DOMINANT
612955	DOMINANT
612956	DOMINANT
612961	DOMINANT
612964	DOMINANT
612965	DOMINANT
612968	UNKNOWN
612975	DOMINANT
612989	RECESSIVE
612997	RECESSIVE
612998	DOMINANT
612999	DOMINANT
613000	DOMINANT
613001	UNKNOWN
613002	UNKNOWN
613003	UNKNOWN
613011	RECESSIVE
613013	UNKNOWN
613014	UNKNOWN
613021	DOMINANT
613027	RECESSIVE
613028	UNKNOWN
613029	RECESSIVE
613038	DOMINANT
613060	DOMINANT
613068	RECESSIVE
613070	RECESSIVE
613071	DOMINANT
613073	UNKNOWN
613074	DOMINANT
613075	RECESSIVE
613076	UNKNOWN
613077	DOMINANT
613078	UNKNOWN
613079	RECESSIVE
613080	RECESSIVE
613086	UNKNOWN
613087	DOMINANT
613090	RECESSIVE
613091	RECESSIVE
613092	DOMINANT
613093	RECESSIVE
613094	UNKNOWN
613095	UNKNOWN
613098	UNKNOWN
613099	UNKNOWN
613100	UNKNOWN
613101	UNKNOWN
613102	RECESSIVE
613105	DOMINANT
613107	DOMINANT
613108	RECESSIVE
613112	DOMINANT
613115	RECESSIVE
613116	DOMINANT
613118	DOMINANT
613119	UNKNOWN
613120	DOMINANT
613122	DOMINANT
613123	UNKNOWN
613135	RECESSIVE
613148	RECESSIVE
613150	RECESSIVE
613151	RECESSIVE
613152	RECESSIVE
613153	RECESSIVE
613154	RECESSIVE
613155	RECESSIVE
613156	RECESSIVE
613157	RECESSIVE
613158	RECESSIVE
613159	RECESSIVE
613161	RECESSIVE
613162	RECESSIVE
613163	RECESSIVE
613172	DOMINANT
613177	RECESSIVE
613179	RECESSIVE
613180	RECESSIVE
613192	RECESSIVE
613193	RECESSIVE
613194	UNKNOWN
613195	RECESSIVE
613204	RECESSIVE
613205	DOMINANT
613206	RECESSIVE
613211	RECESSIVE
613216	UNKNOWN
613217	RECESSIVE
613223	UNKNOWN
613224	DOMINANT
613225	RECESSIVE
613227	RECESSIVE
613229	DOMINANT
613235	RECESSIVE
613237	UNKNOWN
613239	UNKNOWN
613243	DOMINANT
613244	UNKNOWN
613251	DOMINANT
613252	UNKNOWN
613254	DOMINANT
613255	DOMINANT
613265	DOMINANT
613266	DOMINANT
613267	DOMINANT
613268	UNKNOWN
613270	UNKNOWN
613280	RECESSIVE
613285	RECESSIVE
613286	UNKNOWN
613287	DOMINANT
613291	RECESSIVE
613307	RECESSIVE
613308	DOMINANT
613309	DOMINANT
613310	DOMINANT
613312	UNKNOWN
613313	RECESSIVE
613319	RECESSIVE
613320	RECESSIVE
613325	DOMINANT
613327	RECESSIVE
613329	DOMINANT
613330	RECESSIVE
613341	RECESSIVE
613345	DOMINANT
613347	UNKNOWN
613348	UNKNOWN
613353	DOMINANT
613370	DOMINANT
613375	DOMINANT
613376	DOMINANT
613382	DOMINANT
613385	RECESSIVE
613388	RECESSIVE
613390	RECESSIVE
613391	RECESSIVE
613393	UNKNOWN
613398	RECESSIVE
613399	UNKNOWN
613402	RECESSIVE
613404	RECESSIVE
613406	DOMINANT
613410	UNKNOWN
613411	UNKNOWN
613418	DOMINANT
613424	DOMINANT
613426	DOMINANT
613428	UNKNOWN
613435	UNKNOWN
613436	UNKNOWN
613443	DOMINANT
613451	RECESSIVE
613453	RECESSIVE
613454	DOMINANT
613456	UNKNOWN
613463	UNKNOWN
613464	RECESSIVE
613470	RECESSIVE
613471	DOMINANT
613477	DOMINANT
613480	DOMINANT
613485	DOMINANT
613488	UNKNOWN
613489	RECESSIVE
613490	RECESSIVE
613493	RECESSIVE
613494	RECESSIVE
613495	RECESSIVE
613496	RECESSIVE
613500	RECESSIVE
613501	RECESSIVE
613502	RECESSIVE
613506	DOMINANT
613507	RECESSIVE
613508	UNKNOWN
613517	RECESSIVE
613546	UNKNOWN
613550	RECESSIVE
613551	UNKNOWN
613554	DOMINANT
613559	RECESSIVE
613561	RECESSIVE
613563	DOMINANT
613566	UNKNOWN
613571	UNKNOWN
613573	RECESSIVE
613575	UNKNOWN
613581	RECESSIVE
613582	RECESSIVE
613587	DOMINANT
613589	DOMINANT
613610	RECESSIVE
613611	RECESSIVE
613612	UNKNOWN
613615	UNKNOWN
613616	UNKNOWN
613617	RECESSIVE
613625	UNKNOWN
613630	UNKNOWN
613640	DOMINANT
613641	RECESSIVE
613642	UNKNOWN
613643	UNKNOWN
613646	UNKNOWN
613647	RECESSIVE
613652	RECESSIVE
613656	UNKNOWN
613657	UNKNOWN
613659	UNKNOWN
613660	RECESSIVE
613661	RECESSIVE
613662	RECESSIVE
613668	RECESSIVE
613670	DOMINANT
613671	RECESSIVE
613672	RECESSIVE
613673	DOMINANT
613674	DOMINANT
613676	RECESSIVE
613677	DOMINANT
613679	RECESSIVE
613680	RECESSIVE
613684	DOMINANT
613686	RECESSIVE
613688	DOMINANT
613690	DOMINANT
613693	DOMINANT
613694	DOMINANT
613695	DOMINANT
613697	DOMINANT
613702	UNKNOWN
613703	UNKNOWN
613704	UNKNOWN
613705	UNKNOWN
613706	DOMINANT
613707	DOMINANT
613708	DOMINANT
613710	RECESSIVE
613711	UNKNOWN
613712	UNKNOWN
613717	DOMINANT
613718	RECESSIVE
613720	DOMINANT
613721	DOMINANT
613722	RECESSIVE
613723	RECESSIVE
613724	RECESSIVE
613728	RECESSIVE
613730	RECESSIVE
613731	DOMINANT
613736	DOMINANT
613737	DOMINANT
613743	UNKNOWN
613744	RECESSIVE
613750	DOMINANT
613751	UNKNOWN
613752	RECESSIVE
613756	UNKNOWN
613757	UNKNOWN
613758	UNKNOWN
613759	RECESSIVE
613761	UNKNOWN
613762	DOMINANT
613763	DOMINANT
613765	DOMINANT
613767	RECESSIVE
613769	UNKNOWN
613778	UNKNOWN
613779	RECESSIVE
613780	DOMINANT
613783	UNKNOWN
613784	UNKNOWN
613789	RECESSIVE
613790	RECESSIVE
613791	RECESSIVE
613793	UNKNOWN
613794	RECESSIVE
613795	DOMINANT
613796	RECESSIVE
613800	RECESSIVE
613801	RECESSIVE
613803	RECESSIVE
613804	RECESSIVE
613805	RECESSIVE
613807	UNKNOWN
613808	UNKNOWN
613809	UNKNOWN
613810	UNKNOWN
613811	RECESSIVE
613812	RECESSIVE
613818	RECESSIVE
613819	RECESSIVE
613820	DOMINANT
613823	RECESSIVE
613824	UNKNOWN
613825	UNKNOWN
613826	UNKNOWN
613827	UNKNOWN
613829	UNKNOWN
613830	RECESSIVE
613834	DOMINANT
613835	UNKNOWN
613837	UNKNOWN
613838	DOMINANT
613839	RECESSIVE
613843	RECESSIVE
613845	RECESSIVE
613848	RECESSIVE
613849	RECESSIVE
613850	UNKNOWN
613852	UNKNOWN
613854	DOMINANT
613855	DOMINANT
613856	UNKNOWN
613860	RECESSIVE
613861	RECESSIVE
613862	RECESSIVE
613863	DOMINANT
613865	RECESSIVE
613869	RECESSIVE
613870	DOMINANT
613873	DOMINANT
613874	DOMINANT
613875	DOMINANT
613876	DOMINANT
613877	DOMINANT
613881	DOMINANT
613882	DOMINANT
613885	RECESSIVE
613886	UNKNOWN
613887	RECESSIVE
613908	DOMINANT
613912	RECESSIVE
613916	RECESSIVE
613925	RECESSIVE
613926	DOMINANT
613943	RECESSIVE
613949	UNKNOWN
613950	UNKNOWN
613951	RECESSIVE
613953	RECESSIVE
613954	UNKNOWN
613955	DOMINANT
613956	UNKNOWN
613957	RECESSIVE
613958	RECESSIVE
613960	RECESSIVE
613970	UNKNOWN
613972	UNKNOWN
613977	DOMINANT
613978	UNKNOWN
613980	DOMINANT
613981	UNKNOWN
613982	UNKNOWN
613983	DOMINANT
613985	UNKNOWN
613986	DOMINANT
613987	RECESSIVE
613988	RECESSIVE
613989	DOMINANT
613990	DOMINANT
614008	RECESSIVE
614009	DOMINANT
614017	RECESSIVE
614018	RECESSIVE
614019	RECESSIVE
614020	RECESSIVE
614022	DOMINANT
614023	RECESSIVE
614024	UNKNOWN
614025	RECESSIVE
614028	UNKNOWN
614034	UNKNOWN
614035	RECESSIVE
614038	DOMINANT
614039	DOMINANT
614042	UNKNOWN
614049	DOMINANT
614050	DOMINANT
614052	RECESSIVE
614053	UNKNOWN
614063	RECESSIVE
614065	DOMINANT
614066	RECESSIVE
614067	RECESSIVE
614069	RECESSIVE
614070	UNKNOWN
614072	UNKNOWN
614073	UNKNOWN
614074	UNKNOWN
614075	UNKNOWN
614076	RECESSIVE
614077	UNKNOWN
614078	RECESSIVE
614079	UNKNOWN
614080	RECESSIVE
614081	UNKNOWN
614082	UNKNOWN
614083	RECESSIVE
614089	UNKNOWN
614090	UNKNOWN
614091	RECESSIVE
614096	RECESSIVE
614097	UNKNOWN
614098	DOMINANT
614099	RECESSIVE
614102	RECESSIVE
614104	DOMINANT
614105	RECESSIVE
614111	UNKNOWN
614114	RECESSIVE
614115	RECESSIVE
614116	DOMINANT
614120	RECESSIVE
614122	RECESSIVE
614128	UNKNOWN
614129	RECESSIVE
614131	RECESSIVE
614134	UNKNOWN
614135	DOMINANT
614152	DOMINANT
614153	DOMINANT
614156	DOMINANT
614157	RECESSIVE
614160	UNKNOWN
614162	DOMINANT
614165	DOMINANT
614167	DOMINANT
614170	RECESSIVE
614171	RECESSIVE
614172	DOMINANT
614173	RECESSIVE
614175	RECESSIVE
614180	UNKNOWN
614181	RECESSIVE
614185	DOMINANT
614186	RECESSIVE
614188	RECESSIVE
614190	UNKNOWN
614192	UNKNOWN
614193	UNKNOWN
614195	UNKNOWN
614196	RECESSIVE
614198	RECESSIVE
614199	UNKNOWN
614201	RECESSIVE
614202	RECESSIVE
614203	DOMINANT
614204	RECESSIVE
614205	RECESSIVE
614207	RECESSIVE
614209	RECESSIVE
614212	DOMINANT
614213	RECESSIVE
614219	RECESSIVE
614222	RECESSIVE
614224	RECESSIVE
614225	RECESSIVE
614226	DOMINANT
614228	DOMINANT
614229	RECESSIVE
614231	RECESSIVE
614249	RECESSIVE
614250	DOMINANT
614251	DOMINANT
614254	UNKNOWN
614255	DOMINANT
614256	UNKNOWN
614257	UNKNOWN
614261	RECESSIVE
614262	RECESSIVE
614265	UNKNOWN
614266	UNKNOWN
614278	UNKNOWN
614279	RECESSIVE
614284	RECESSIVE
614286	UNKNOWN
614291	UNKNOWN
614292	RECESSIVE
614293	RECESSIVE
614296	DOMINANT
614298	RECESSIVE
614299	RECESSIVE
614300	RECESSIVE
614302	DOMINANT
614303	DOMINANT
614305	DOMINANT
614306	DOMINANT
614307	RECESSIVE
614320	UNKNOWN
614321	DOMINANT
614322	RECESSIVE
614324	RECESSIVE
614325	RECESSIVE
614326	DOMINANT
614327	DOMINANT
614328	RECESSIVE
614331	UNKNOWN
614332	UNKNOWN
614335	UNKNOWN
614337	UNKNOWN
614340	RECESSIVE
614350	DOMINANT
614369	DOMINANT
614370	RECESSIVE
614371	UNKNOWN
614372	DOMINANT
614373	RECESSIVE
614374	UNKNOWN
614376	RECESSIVE
614377	RECESSIVE
614378	RECESSIVE
614379	UNKNOWN
614380	RECESSIVE
614381	RECESSIVE
614382	UNKNOWN
614383	UNKNOWN
614385	UNKNOWN
614388	DOMINANT
614389	DOMINANT
614390	DOMINANT
614391	DOMINANT
614395	UNKNOWN
614399	RECESSIVE
614400	UNKNOWN
614401	UNKNOWN
614402	RECESSIVE
614408	DOMINANT
614409	RECESSIVE
614411	RECESSIVE
614415	DOMINANT
614416	UNKNOWN
614417	DOMINANT
614418	RECESSIVE
614419	UNKNOWN
614420	RECESSIVE
614424	RECESSIVE
614429	DOMINANT
614430	DOMINANT
614431	DOMINANT
614432	DOMINANT
614433	DOMINANT
614434	UNKNOWN
614435	DOMINANT
614436	DOMINANT
614437	RECESSIVE
614438	UNKNOWN
614441	RECESSIVE
614450	DOMINANT
614455	DOMINANT
614456	UNKNOWN
614457	RECESSIVE
614458	RECESSIVE
614462	RECESSIVE
614464	RECESSIVE
614465	RECESSIVE
614466	UNKNOWN
614468	DOMINANT
614470	UNKNOWN
614473	RECESSIVE
614474	DOMINANT
614475	DOMINANT
614480	RECESSIVE
614482	RECESSIVE
614483	DOMINANT
614485	DOMINANT
614486	UNKNOWN
614487	RECESSIVE
614490	UNKNOWN
614491	DOMINANT
614492	DOMINANT
614493	UNKNOWN
614495	DOMINANT
614496	DOMINANT
614497	DOMINANT
614498	RECESSIVE
614499	RECESSIVE
614500	RECESSIVE
614501	RECESSIVE
614504	RECESSIVE
614507	RECESSIVE
614508	DOMINANT
614514	RECESSIVE
614519	UNKNOWN
614521	DOMINANT
614524	DOMINANT
614546	UNKNOWN
614557	RECESSIVE
614558	DOMINANT
614559	RECESSIVE
614561	RECESSIVE
614563	DOMINANT
614564	DOMINANT
614565	RECESSIVE
614576	RECESSIVE
614582	RECESSIVE
614583	DOMINANT
614592	DOMINANT
614594	DOMINANT
614595	UNKNOWN
614602	RECESSIVE
614607	DOMINANT
614608	DOMINANT
614609	DOMINANT
614613	DOMINANT
614614	DOMINANT
614615	RECESSIVE
614616	DOMINANT
614617	RECESSIVE
614618	DOMINANT
614619	UNKNOWN
614621	RECESSIVE
614640	RECESSIVE
614643	RECESSIVE
614650	RECESSIVE
614651	RECESSIVE
614652	RECESSIVE
614653	RECESSIVE
614654	RECESSIVE
614662	DOMINANT
614665	RECESSIVE
614669	DOMINANT
614672	RECESSIVE
614673	RECESSIVE
614674	DOMINANT
614675	DOMINANT
614678	RECESSIVE
614679	RECESSIVE
614680	UNKNOWN
614689	UNKNOWN
614691	RECESSIVE
614696	DOMINANT
614699	RECESSIVE
614700	RECESSIVE
614701	DOMINANT
614702	RECESSIVE
614706	RECESSIVE
614707	RECESSIVE
614714	DOMINANT
614723	RECESSIVE
614727	RECESSIVE
614728	RECESSIVE
614731	UNKNOWN
614732	DOMINANT
614736	RECESSIVE
614739	RECESSIVE
614740	UNKNOWN
614741	RECESSIVE
614742	DOMINANT
614743	DOMINANT
614744	RECESSIVE
614745	UNKNOWN
614748	RECESSIVE
614749	RECESSIVE
614750	RECESSIVE
614751	DOMINANT
614752	UNKNOWN
614753	DOMINANT
614756	DOMINANT
614779	RECESSIVE
614782	DOMINANT
614800	RECESSIVE
614807	DOMINANT
614808	UNKNOWN
614809	DOMINANT
614810	UNKNOWN
614813	RECESSIVE
614814	DOMINANT
614815	RECESSIVE
614816	DOMINANT
614817	RECESSIVE
614819	RECESSIVE
614820	DOMINANT
614822	DOMINANT
614823	DOMINANT
614830	RECESSIVE
614831	RECESSIVE
614832	RECESSIVE
614833	RECESSIVE
614837	RECESSIVE
614838	UNKNOWN
614839	RECESSIVE
614840	RECESSIVE
614841	RECESSIVE
614842	RECESSIVE
614844	DOMINANT
614845	RECESSIVE
614847	DOMINANT
614849	UNKNOWN
614850	UNKNOWN
614851	RECESSIVE
614852	RECESSIVE
614856	RECESSIVE
614857	RECESSIVE
614858	DOMINANT
614859	RECESSIVE
614860	DOMINANT
614861	RECESSIVE
614862	RECESSIVE
614863	RECESSIVE
614866	RECESSIVE
614867	RECESSIVE
614868	UNKNOWN
614869	RECESSIVE
614870	RECESSIVE
614871	RECESSIVE
614872	RECESSIVE
614873	RECESSIVE
614874	RECESSIVE
614876	RECESSIVE
614877	RECESSIVE
614878	DOMINANT
614879	UNKNOWN
614880	DOMINANT
614881	RECESSIVE
614882	RECESSIVE
614883	RECESSIVE
614885	RECESSIVE
614886	RECESSIVE
614887	RECESSIVE
614889	RECESSIVE
614890	RECESSIVE
614891	RECESSIVE
614892	DOMINANT
614893	DOMINANT
614894	RECESSIVE
614895	RECESSIVE
614896	RECESSIVE
614897	DOMINANT
614898	RECESSIVE
614899	RECESSIVE
614900	DOMINANT
614915	RECESSIVE
614916	DOMINANT
614920	RECESSIVE
614921	RECESSIVE
614922	RECESSIVE
614923	UNKNOWN
614924	RECESSIVE
614926	RECESSIVE
614929	RECESSIVE
614931	RECESSIVE
614932	RECESSIVE
614934	RECESSIVE
614935	RECESSIVE
614937	DOMINANT
614940	DOMINANT
614941	RECESSIVE
614944	RECESSIVE
614945	RECESSIVE
614946	RECESSIVE
614947	RECESSIVE
614959	DOMINANT
614961	RECESSIVE
614962	RECESSIVE
614963	UNKNOWN
614970	RECESSIVE
614972	DOMINANT
614974	RECESSIVE
614976	RECESSIVE
614980	DOMINANT
615005	DOMINANT
615006	RECESSIVE
615007	DOMINANT
615008	RECESSIVE
615009	DOMINANT
615010	RECESSIVE
615011	UNKNOWN
615021	UNKNOWN
615023	RECESSIVE
615024	RECESSIVE
615025	DOMINANT
615026	DOMINANT
615028	RECESSIVE
615030	RECESSIVE
615031	RECESSIVE
615032	DOMINANT
615033	RECESSIVE
615034	DOMINANT
615035	RECESSIVE
615040	DOMINANT
615041	RECESSIVE
615042	RECESSIVE
615043	RECESSIVE
615048	DOMINANT
615058	RECESSIVE
615059	DOMINANT
615065	RECESSIVE
615066	UNKNOWN
615067	RECESSIVE
615071	RECESSIVE
615072	DOMINANT
615073	DOMINANT
615074	DOMINANT
615075	DOMINANT
615081	DOMINANT
615082	DOMINANT
615083	DOMINANT
615084	RECESSIVE
615085	RECESSIVE
615091	UNKNOWN
615092	DOMINANT
615095	RECESSIVE
615106	UNKNOWN
615107	UNKNOWN
615108	UNKNOWN
615109	UNKNOWN
615112	RECESSIVE
615113	RECESSIVE
615119	RECESSIVE
615120	RECESSIVE
615122	RECESSIVE
615134	UNKNOWN
615135	UNKNOWN
615139	RECESSIVE
615145	RECESSIVE
615147	RECESSIVE
615155	RECESSIVE
615156	DOMINANT
615157	RECESSIVE
615158	RECESSIVE
615159	RECESSIVE
615160	RECESSIVE
615179	RECESSIVE
615181	RECESSIVE
615182	RECESSIVE
615184	DOMINANT
615185	DOMINANT
615188	DOMINANT
615190	DOMINANT
615191	RECESSIVE
615193	DOMINANT
615206	RECESSIVE
615207	RECESSIVE
615214	RECESSIVE
615217	RECESSIVE
615219	RECESSIVE
615220	RECESSIVE
615221	UNKNOWN
615222	RECESSIVE
615224	DOMINANT
615226	RECESSIVE
615228	RECESSIVE
615232	UNKNOWN
615233	RECESSIVE
615234	DOMINANT
615235	DOMINANT
615237	RECESSIVE
615238	RECESSIVE
615244	RECESSIVE
615248	DOMINANT
615249	RECESSIVE
615264	RECESSIVE
615266	DOMINANT
615267	DOMINANT
615268	RECESSIVE
615269	DOMINANT
615270	DOMINANT
615271	DOMINANT
615272	RECESSIVE
615273	RECESSIVE
615274	UNKNOWN
615277	RECESSIVE
615278	UNKNOWN
615279	UNKNOWN
615280	UNKNOWN
615281	RECESSIVE
615282	DOMINANT
615284	RECESSIVE
615285	RECESSIVE
615286	RECESSIVE
615287	RECESSIVE
615290	DOMINANT
615293	DOMINANT
615294	RECESSIVE
615297	RECESSIVE
615298	UNKNOWN
615300	RECESSIVE
615311	UNKNOWN
615314	DOMINANT
615325	RECESSIVE
615327	DOMINANT
615328	RECESSIVE
615330	RECESSIVE
615338	RECESSIVE
615342	DOMINANT
615343	DOMINANT
615344	DOMINANT
615346	DOMINANT
615348	UNKNOWN
615349	RECESSIVE
615350	RECESSIVE
615351	RECESSIVE
615352	RECESSIVE
615355	DOMINANT
615356	RECESSIVE
615360	RECESSIVE
615361	DOMINANT
615362	RECESSIVE
615363	RECESSIVE
615368	RECESSIVE
615369	DOMINANT
615371	UNKNOWN
615373	DOMINANT
615374	RECESSIVE
615376	RECESSIVE
615377	DOMINANT
615378	DOMINANT
615381	DOMINANT
615382	RECESSIVE
615386	RECESSIVE
615387	RECESSIVE
615395	RECESSIVE
615396	DOMINANT
615397	RECESSIVE
615398	RECESSIVE
615399	DOMINANT
615400	RECESSIVE
615401	RECESSIVE
615402	DOMINANT
615411	DOMINANT
615412	DOMINANT
615413	DOMINANT
615414	RECESSIVE
615415	RECESSIVE
615418	RECESSIVE
615419	RECESSIVE
615420	DOMINANT
615422	UNKNOWN
615424	DOMINANT
615425	RECESSIVE
615426	DOMINANT
615429	RECESSIVE
615431	RECESSIVE
615432	DOMINANT
615434	RECESSIVE
615436	DOMINANT
615438	RECESSIVE
615439	DOMINANT
615440	RECESSIVE
615441	RECESSIVE
615444	RECESSIVE
615451	RECESSIVE
615453	RECESSIVE
615457	DOMINANT
615458	RECESSIVE
615465	DOMINANT
615468	RECESSIVE
615471	RECESSIVE
615473	DOMINANT
615474	DOMINANT
615476	RECESSIVE
615481	RECESSIVE
615482	RECESSIVE
615483	DOMINANT
615485	UNKNOWN
615486	RECESSIVE
615489	UNKNOWN
615490	RECESSIVE
615491	RECESSIVE
615493	RECESSIVE
615500	RECESSIVE
615501	UNKNOWN
615502	DOMINANT
615503	RECESSIVE
615504	RECESSIVE
615505	RECESSIVE
615506	DOMINANT
615508	RECESSIVE
615510	RECESSIVE
615511	RECESSIVE
615512	RECESSIVE
615513	DOMINANT
615515	DOMINANT
615516	RECESSIVE
615517	DOMINANT
615518	DOMINANT
615522	DOMINANT
615523	DOMINANT
615524	DOMINANT
615527	RECESSIVE
615528	RECESSIVE
615529	DOMINANT
615530	RECESSIVE
615537	DOMINANT
615539	RECESSIVE
615540	RECESSIVE
615541	RECESSIVE
615542	DOMINANT
615544	DOMINANT
615545	UNKNOWN
615546	RECESSIVE
615547	DOMINANT
615548	DOMINANT
615550	DOMINANT
615551	DOMINANT
615552	DOMINANT
615553	RECESSIVE
615554	DOMINANT
615555	DOMINANT
615557	UNKNOWN
615558	RECESSIVE
615559	RECESSIVE
615560	RECESSIVE
615561	UNKNOWN
615565	RECESSIVE
615573	RECESSIVE
615574	RECESSIVE
615575	DOMINANT
615577	DOMINANT
615578	RECESSIVE
615582	DOMINANT
615583	DOMINANT
615590	UNKNOWN
615591	UNKNOWN
615592	RECESSIVE
615593	RECESSIVE
615595	RECESSIVE
615596	RECESSIVE
615597	RECESSIVE
615598	RECESSIVE
615599	RECESSIVE
615602	UNKNOWN
615604	DOMINANT
615605	DOMINANT
615607	RECESSIVE
615615	RECESSIVE
615616	DOMINANT
615617	RECESSIVE
615625	DOMINANT
615629	DOMINANT
615630	RECESSIVE
615631	RECESSIVE
615632	DOMINANT
615633	RECESSIVE
615636	RECESSIVE
615637	RECESSIVE
615643	RECESSIVE
615651	RECESSIVE
615658	RECESSIVE
615663	RECESSIVE
615665	RECESSIVE
615670	DOMINANT
615673	RECESSIVE
615681	RECESSIVE
615683	RECESSIVE
615685	RECESSIVE
615686	RECESSIVE
615688	RECESSIVE
615696	DOMINANT
615703	RECESSIVE
615704	DOMINANT
615705	RECESSIVE
615706	RECESSIVE
615707	RECESSIVE
615709	RECESSIVE
615710	RECESSIVE
615715	RECESSIVE
615716	RECESSIVE
615721	RECESSIVE
615722	DOMINANT
615723	RECESSIVE
615724	RECESSIVE
615725	RECESSIVE
615726	UNKNOWN
615728	UNKNOWN
615731	RECESSIVE
615735	DOMINANT
615744	DOMINANT
615745	RECESSIVE
615749	DOMINANT
615750	RECESSIVE
615751	RECESSIVE
615752	UNKNOWN
615758	RECESSIVE
615760	RECESSIVE
615761	DOMINANT
615763	DOMINANT
615767	RECESSIVE
615768	RECESSIVE
615770	RECESSIVE
615771	DOMINANT
615774	RECESSIVE
615777	RECESSIVE
615779	DOMINANT
615780	RECESSIVE
615785	DOMINANT
615789	RECESSIVE
615802	RECESSIVE
615803	RECESSIVE
615807	RECESSIVE
615809	RECESSIVE
615812	DOMINANT
615816	RECESSIVE
615817	RECESSIVE
615821	DOMINANT
615824	RECESSIVE
615828	DOMINANT
615829	DOMINANT
615833	RECESSIVE
615834	DOMINANT
615837	RECESSIVE
615838	RECESSIVE
615841	RECESSIVE
615842	RECESSIVE
615846	DOMINANT
615848	DOMINANT
615849	DOMINANT
615851	RECESSIVE
615859	RECESSIVE
615860	RECESSIVE
615861	RECESSIVE
615862	RECESSIVE
615863	RECESSIVE
615866	DOMINANT
615871	DOMINANT
615872	RECESSIVE
615873	DOMINANT
615877	DOMINANT
615878	RECESSIVE
615879	DOMINANT
615881	DOMINANT
615883	DOMINANT
615885	DOMINANT
615887	RECESSIVE
615888	RECESSIVE
615889	RECESSIVE
615895	RECESSIVE
615896	DOMINANT
615897	RECESSIVE
615905	RECESSIVE
615907	DOMINANT
615909	DOMINANT
615911	DOMINANT
615916	DOMINANT
615917	RECESSIVE
615918	RECESSIVE
615919	RECESSIVE
615922	DOMINANT
615923	DOMINANT
615924	RECESSIVE
615925	DOMINANT
615926	RECESSIVE
615934	DOMINANT
615935	RECESSIVE
615937	DOMINANT
615938	DOMINANT
615942	RECESSIVE
615946	DOMINANT
615947	RECESSIVE
615948	RECESSIVE
615952	DOMINANT
615953	UNKNOWN
615954	DOMINANT
615957	DOMINANT
615959	RECESSIVE
615960	RECESSIVE
615961	UNKNOWN
615962	DOMINANT
615963	DOMINANT
615966	RECESSIVE
615969	RECESSIVE
615970	DOMINANT
615972	DOMINANT
615973	RECESSIVE
615974	RECESSIVE
615978	DOMINANT
615979	RECESSIVE
615980	RECESSIVE
615981	RECESSIVE
615982	RECESSIVE
615983	RECESSIVE
615984	RECESSIVE
615985	RECESSIVE
615986	RECESSIVE
615987	RECESSIVE
615988	RECESSIVE
615989	RECESSIVE
615990	RECESSIVE
615991	RECESSIVE
615992	RECESSIVE
615993	RECESSIVE
615994	RECESSIVE
615995	RECESSIVE
615996	RECESSIVE
615999	UNKNOWN
616000	UNKNOWN
616001	RECESSIVE
616002	DOMINANT
616004	UNKNOWN
616005	DOMINANT
616006	RECESSIVE
616007	RECESSIVE
616022	RECESSIVE
616025	RECESSIVE
616026	DOMINANT
616028	DOMINANT
616029	RECESSIVE
616030	RECESSIVE
616032	DOMINANT
616033	RECESSIVE
616034	RECESSIVE
616037	RECESSIVE
616038	RECESSIVE
616039	RECESSIVE
616040	DOMINANT
616042	RECESSIVE
616044	DOMINANT
616045	RECESSIVE
616050	DOMINANT
616051	RECESSIVE
616052	RECESSIVE
616053	DOMINANT
616056	DOMINANT
616059	RECESSIVE
616060	UNKNOWN
616063	DOMINANT
616067	DOMINANT
616069	RECESSIVE
616078	DOMINANT
616079	DOMINANT
616080	RECESSIVE
616081	RECESSIVE
616083	DOMINANT
616084	RECESSIVE
616087	UNKNOWN
616089	UNKNOWN
616093	UNKNOWN
616094	RECESSIVE
616095	DOMINANT
616098	RECESSIVE
616099	RECESSIVE
616100	DOMINANT
616106	DOMINANT
616108	RECESSIVE
616111	RECESSIVE
616113	RECESSIVE
616115	DOMINANT
616116	RECESSIVE
616117	DOMINANT
616118	DOMINANT
616126	RECESSIVE
616127	RECESSIVE
616138	RECESSIVE
616139	DOMINANT
616140	RECESSIVE
616145	RECESSIVE
616151	DOMINANT
616152	DOMINANT
616154	RECESSIVE
616155	RECESSIVE
616158	DOMINANT
616165	RECESSIVE
616166	DOMINANT
616170	RECESSIVE
616171	RECESSIVE
616172	DOMINANT
616176	RECESSIVE
616185	RECESSIVE
616187	DOMINANT
616188	RECESSIVE
616192	RECESSIVE
616193	RECESSIVE
616198	RECESSIVE
616199	RECESSIVE
616200	RECESSIVE
616201	RECESSIVE
616202	RECESSIVE
616204	RECESSIVE
616208	DOMINANT
616209	DOMINANT
616211	RECESSIVE
616212	RECESSIVE
616214	DOMINANT
616216	DOMINANT
616217	RECESSIVE
616219	RECESSIVE
616220	RECESSIVE
616221	RECESSIVE
616227	UNKNOWN
616228	RECESSIVE
616230	RECESSIVE
616231	DOMINANT
616239	RECESSIVE
616247	DOMINANT
616248	RECESSIVE
616249	DOMINANT
616255	DOMINANT
616258	RECESSIVE
616260	DOMINANT
616263	RECESSIVE
616265	RECESSIVE
616266	DOMINANT
616267	RECESSIVE
616268	DOMINANT
616269	RECESSIVE
616270	RECESSIVE
616271	RECESSIVE
616276	RECESSIVE
616277	RECESSIVE
616278	RECESSIVE
616279	DOMINANT
616280	DOMINANT
616281	RECESSIVE
616282	DOMINANT
616286	RECESSIVE
616287	RECESSIVE
616289	RECESSIVE
616291	RECESSIVE
616294	RECESSIVE
616295	RECESSIVE
616298	DOMINANT
616299	RECESSIVE
616300	RECESSIVE
616304	RECESSIVE
616307	RECESSIVE
616311	UNKNOWN
616313	DOMINANT
616314	RECESSIVE
616321	DOMINANT
616322	RECESSIVE
616323	RECESSIVE
616324	RECESSIVE
616325	RECESSIVE
616326	RECESSIVE
616329	DOMINANT
616330	DOMINANT
616331	DOMINANT
616335	RECESSIVE
616339	RECESSIVE
616340	DOMINANT
616341	DOMINANT
616342	RECESSIVE
616345	RECESSIVE
616346	DOMINANT
616351	DOMINANT
616353	RECESSIVE
616354	RECESSIVE
616355	DOMINANT
616357	DOMINANT
616362	DOMINANT
616364	DOMINANT
616366	DOMINANT
616367	DOMINANT
616368	DOMINANT
616370	RECESSIVE
616371	DOMINANT
616373	DOMINANT
616389	RECESSIVE
616390	RECESSIVE
616393	DOMINANT
616394	RECESSIVE
616395	UNKNOWN
616398	DOMINANT
616399	DOMINANT
616400	DOMINANT
616402	RECESSIVE
616409	DOMINANT
616410	DOMINANT
616411	RECESSIVE
616413	DOMINANT
616414	DOMINANT
616415	RECESSIVE
616418	DOMINANT
616420	RECESSIVE
616421	DOMINANT
616428	DOMINANT
616430	RECESSIVE
616433	RECESSIVE
616435	RECESSIVE
616436	DOMINANT
616437	DOMINANT
616439	DOMINANT
616445	RECESSIVE
616449	RECESSIVE
616451	RECESSIVE
616452	DOMINANT
616455	DOMINANT
616457	RECESSIVE
616459	RECESSIVE
616460	RECESSIVE
616461	DOMINANT
616462	DOMINANT
616468	DOMINANT
616469	RECESSIVE
616470	UNKNOWN
616471	UNKNOWN
616479	RECESSIVE
616481	RECESSIVE
616482	DOMINANT
616483	RECESSIVE
616486	RECESSIVE
616487	RECESSIVE
616488	RECESSIVE
616489	DOMINANT
616490	RECESSIVE
616491	DOMINANT
616494	RECESSIVE
616500	RECESSIVE
616501	RECESSIVE
616502	RECESSIVE
616503	RECESSIVE
616505	RECESSIVE
616507	RECESSIVE
616509	RECESSIVE
616511	DOMINANT
616515	RECESSIVE
616516	RECESSIVE
616517	RECESSIVE
616521	DOMINANT
616531	RECESSIVE
616532	DOMINANT
616534	DOMINANT
616535	DOMINANT
616538	RECESSIVE
616539	RECESSIVE
616540	RECESSIVE
616541	RECESSIVE
616544	RECESSIVE
616546	RECESSIVE
616549	RECESSIVE
616553	DOMINANT
616559	DOMINANT
616562	RECESSIVE
616564	DOMINANT
616566	RECESSIVE
616568	DOMINANT
616570	RECESSIVE
616576	DOMINANT
616577	RECESSIVE
616579	DOMINANT
616580	DOMINANT
616583	DOMINANT
616586	RECESSIVE
616589	DOMINANT
616592	DOMINANT
616602	DOMINANT
616603	DOMINANT
616617	RECESSIVE
616622	RECESSIVE
616625	DOMINANT
616629	RECESSIVE
616631	UNKNOWN
616632	RECESSIVE
616636	RECESSIVE
616638	DOMINANT
616640	RECESSIVE
616645	RECESSIVE
616647	RECESSIVE
616649	DOMINANT
616651	RECESSIVE
616654	RECESSIVE
616657	RECESSIVE
616668	RECESSIVE
616669	RECESSIVE
616672	RECESSIVE
616680	RECESSIVE
616681	RECESSIVE
616682	RECESSIVE
616683	RECESSIVE
616684	RECESSIVE
616685	DOMINANT
616687	DOMINANT
616688	DOMINANT
616689	DOMINANT
616697	DOMINANT
616705	RECESSIVE
616707	DOMINANT
616708	DOMINANT
616710	UNKNOWN
616716	RECESSIVE
616719	RECESSIVE
616720	RECESSIVE
616721	RECESSIVE
616722	DOMINANT
616723	RECESSIVE
616724	DOMINANT
616726	RECESSIVE
616728	DOMINANT
616730	RECESSIVE
616732	RECESSIVE
616733	RECESSIVE
616734	DOMINANT
616736	DOMINANT
616737	UNKNOWN
616738	DOMINANT
616739	RECESSIVE
616740	RECESSIVE
616744	DOMINANT
616749	RECESSIVE
616754	RECESSIVE
616756	RECESSIVE
616760	RECESSIVE
616763	RECESSIVE
616777	RECESSIVE
616779	DOMINANT
616780	DOMINANT
616781	RECESSIVE
616784	RECESSIVE
616788	DOMINANT
616789	DOMINANT
616794	RECESSIVE
616795	DOMINANT
616801	RECESSIVE
616803	DOMINANT
616806	UNKNOWN
616809	RECESSIVE
616811	RECESSIVE
616812	RECESSIVE
616814	RECESSIVE
616816	RECESSIVE
616817	RECESSIVE
616818	DOMINANT
616819	RECESSIVE
616827	RECESSIVE
616828	RECESSIVE
616829	RECESSIVE
616831	DOMINANT
616833	DOMINANT
616834	RECESSIVE
616835	UNKNOWN
616839	RECESSIVE
616840	RECESSIVE
616843	RECESSIVE
616849	DOMINANT
616851	RECESSIVE
616852	DOMINANT
616854	RECESSIVE
616858	DOMINANT
616859	RECESSIVE
616860	RECESSIVE
616866	RECESSIVE
616867	RECESSIVE
616868	RECESSIVE
616871	DOMINANT
616873	DOMINANT
616875	RECESSIVE
616878	RECESSIVE
616881	RECESSIVE
616882	DOMINANT
616887	RECESSIVE
616890	RECESSIVE
616892	RECESSIVE
616893	UNKNOWN
616894	DOMINANT
616896	UNKNOWN
616897	RECESSIVE
616900	RECESSIVE
616901	RECESSIVE
616903	DOMINANT
616907	RECESSIVE
616910	UNKNOWN
616911	RECESSIVE
616913	DOMINANT
616914	DOMINANT
616917	RECESSIVE
616920	RECESSIVE
616921	RECESSIVE
616922	DOMINANT
616924	DOMINANT
616937	DOMINANT
616938	DOMINANT
616939	RECESSIVE
616941	DOMINANT
616943	RECESSIVE
616944	DOMINANT
616946	DOMINANT
616947	RECESSIVE
616948	RECESSIVE
616949	RECESSIVE
616950	RECESSIVE
616954	RECESSIVE
616958	RECESSIVE
616959	RECESSIVE
616963	RECESSIVE
616968	DOMINANT
616969	DOMINANT
616973	DOMINANT
616974	RECESSIVE
616975	DOMINANT
616977	DOMINANT
616981	RECESSIVE
617004	DOMINANT
617006	RECESSIVE
617008	RECESSIVE
617011	RECESSIVE
617013	RECESSIVE
617014	RECESSIVE
617017	DOMINANT
617018	DOMINANT
617020	RECESSIVE
617021	RECESSIVE
617022	RECESSIVE
617023	RECESSIVE
617024	RECESSIVE
617025	UNKNOWN
617026	RECESSIVE
617027	DOMINANT
617028	RECESSIVE
617030	RECESSIVE
617035	DOMINANT
617039	DOMINANT
617041	DOMINANT
617044	RECESSIVE
617046	RECESSIVE
617047	DOMINANT
617049	RECESSIVE
617050	RECESSIVE
617051	RECESSIVE
617052	RECESSIVE
617053	DOMINANT
617054	RECESSIVE
617055	UNKNOWN
617056	DOMINANT
617061	DOMINANT
617062	DOMINANT
617063	RECESSIVE
617065	RECESSIVE
617066	RECESSIVE
617068	RECESSIVE
617069	RECESSIVE
617070	RECESSIVE
617072	RECESSIVE
617073	DOMINANT
617075	DOMINANT
617080	DOMINANT
617082	RECESSIVE
617086	RECESSIVE
617087	RECESSIVE
617088	RECESSIVE
617090	RECESSIVE
617091	RECESSIVE
617092	RECESSIVE
617093	RECESSIVE
617099	RECESSIVE
617100	RECESSIVE
617101	DOMINANT
617102	RECESSIVE
617105	DOMINANT
617106	DOMINANT
617107	RECESSIVE
617108	DOMINANT
617111	DOMINANT
617113	DOMINANT
617114	RECESSIVE
617115	RECESSIVE
617116	DOMINANT
617118	DOMINANT
617119	RECESSIVE
617120	RECESSIVE
617121	RECESSIVE
617123	RECESSIVE
617125	RECESSIVE
617126	RECESSIVE
617127	RECESSIVE
617132	RECESSIVE
617133	RECESSIVE
617137	DOMINANT
617140	DOMINANT
617141	DOMINANT
617142	DOMINANT
617143	RECESSIVE
617145	RECESSIVE
617146	RECESSIVE
617153	DOMINANT
617156	RECESSIVE
617157	RECESSIVE
617158	DOMINANT
617159	DOMINANT
617162	DOMINANT
617164	DOMINANT
617166	DOMINANT
617168	DOMINANT
617169	RECESSIVE
617171	RECESSIVE
617173	RECESSIVE
617174	DOMINANT
617175	RECESSIVE
617180	DOMINANT
617182	RECESSIVE
617183	DOMINANT
617184	DOMINANT
617186	RECESSIVE
617187	RECESSIVE
617188	RECESSIVE
617190	DOMINANT
617193	RECESSIVE
617194	RECESSIVE
617201	DOMINANT
617205	RECESSIVE
617207	RECESSIVE
617213	RECESSIVE
617214	RECESSIVE
617217	RECESSIVE
617222	RECESSIVE
617223	RECESSIVE
617225	RECESSIVE
617228	RECESSIVE
617232	RECESSIVE
617234	RECESSIVE
617235	DOMINANT
617236	RECESSIVE
617237	DOMINANT
617238	DOMINANT
617239	RECESSIVE
617241	RECESSIVE
617243	RECESSIVE
617244	DOMINANT
617247	RECESSIVE
617248	RECESSIVE
617251	RECESSIVE
617252	RECESSIVE
617253	RECESSIVE
617255	RECESSIVE
617258	RECESSIVE
617260	DOMINANT
617268	DOMINANT
617270	RECESSIVE
617271	RECESSIVE
617272	DOMINANT
617275	DOMINANT
617276	RECESSIVE
617280	DOMINANT
617281	UNKNOWN
617282	RECESSIVE
617284	DOMINANT
617290	RECESSIVE
617294	DOMINANT
617296	DOMINANT
617297	RECESSIVE
617300	DOMINANT
617301	RECESSIVE
617302	RECESSIVE
617303	RECESSIVE
617304	RECESSIVE
617306	RECESSIVE
617308	RECESSIVE
617315	UNKNOWN
617319	RECESSIVE
617320	RECESSIVE
617321	UNKNOWN
617323	RECESSIVE
617330	DOMINANT
617333	DOMINANT
617336	RECESSIVE
617337	DOMINANT
617339	RECESSIVE
617341	RECESSIVE
617343	DOMINANT
617347	UNKNOWN
